"Year","Species.n","Yield","yield.core","DeadM1","DeadM2","DeadM1.core","DeadM2.core","Fbar","SSB","TSB","Recruits"
1974,16,252714,235077,69279.524320778,130057.475682274,64602.9266568219,121118.928610341,0.722028,182133,409091,5758880
1975,16,241132,223411,71023.955676936,142587.619821015,65901.4101037928,131864.800166334,0.753787,169234,407022,3985500
1976,16,305329,279228,71012.147258869,193330.589720682,65337.5661916287,178072.79370405,0.823732,152429,435375,12636600
1977,16,347182,317798,75961.6862859935,222503.303868786,69577.5964394886,203947.756165511,0.810039,124218,418823,8897900
1978,16,327061,297112,74228.5410062055,203050.774602722,67595.5129692925,184095.329401439,0.937737,119331,481508,9664710
1979,16,428086,384643,77426.5262391955,186123.000743875,69774.306476011,167015.90641547,0.759963,114114,448386,8261000
1980,16,587443,526266,81167.2688126865,214125.16278392,73214.8617622257,190555.361142372,0.88679,127421,469406,9834310
1981,16,390754,350786,79400.292178312,256170.072947638,71528.1970945384,226124.59902516,0.869159,131840,508517,17580500
1982,16,356376,318222,68068.439357427,195846.045145977,60879.2839018107,170747.080449061,0.938257,124073,415342,7662970
1983,16,279032,249094,59051.9841711235,167765.189311338,52542.9317698235,144243.971568222,0.952179,107975,385087,8085640
1984,16,378275,328907,59847.8151872375,170975.498694741,52614.7391138955,145009.956280725,0.879084,94425.6,347975,6e+06
1985,16,245642,216982,54692.8097203695,145271.215326832,48181.8701792164,122875.755577544,0.889974,97432.7,360754,7509960
1986,16,339692,287510,52006.364496489,141214.850715608,44673.6209868276,115661.932381898,0.971463,84816.6,295214,5136700
1987,16,243840,212730,50751.1043436455,124419.694806972,43880.864657073,102687.299775025,0.962765,86325.7,339374,4209450
1988,16,193767,169043,41549.072998865,94584.5078689583,35780.5096913256,76518.3996547115,0.946729,83975.4,271540,3637600
1989,16,201155,169842,37596.867106804,95063.4664977017,31808.6218039273,74517.7939015117,0.99172,77197.1,227051,2681230
1990,16,151592,130559,34386.1731710355,94078.237524393,29182.2909788773,73936.480602374,0.913105,73823.4,228030,3357330
1991,16,119678,102326,29937.8234940545,86420.7124189706,25099.8286386748,65981.8602608603,0.91951,69956.8,182676,4451580
1992,16,148985,122121,32744.534246127,89493.6630669128,26703.4875791246,66591.9625356154,0.879187,67066.8,190121,2651790
1993,16,132900,113211,33629.9233795585,97450.1045790136,27753.8197387102,73572.3948645939,0.821762,69201.2,206542,4118250
1994,16,216500,167183,36902.5147999845,99011.1326183564,29521.4034293723,70676.92612937,0.834129,75917.5,207628,3385700
1995,16,198306,164350,38832.7335720825,102218.487124522,31515.3054903397,74497.7755562524,0.92799,85325.5,242706,3303660
1996,16,142941,121723,33947.4753765467,99373.6850879996,27434.4456191462,70138.6543558515,0.99499,86395.3,220107,4966860
1997,16,135372,108586,36211.8759925578,102324.669032878,27589.0238265107,68141.6252882641,0.901013,73508.1,196360,2358730
1998,16,136757,114378,30441.8151316967,91506.288570542,24675.8467658864,67153.4888847499,0.978585,75106.6,220506,3164210
1999,16,95882.7,80962.6,19741.540781227,65298.7197430223,15463.0693952836,42543.3432278732,1.08449,61347.2,130738,4820100
2000,16,77117.6,62597.9,20740.4253177542,63046.0420871952,15303.5086979606,41194.2273452391,1.04281,46448.5,118734,1900020
2001,16,78723.3,65296.6,20465.3583426465,61567.0926094486,15995.7182505427,43060.081283042,0.985961,52739.2,139866,2387920
2002,16,56581.5,46425.3,16206.9522426631,50331.3503905149,12433.6735566263,32872.6513004305,0.905911,45553.7,99211.1,2431800
2003,16,51655.7,43455.3,13937.2044789163,55448.9779935555,10711.4966349505,35777.0137410194,0.914737,43255.8,89288.7,3632610
2004,16,40848,33422.2,13305.1919886421,55940.9461736437,9772.39941662957,34982.2410400425,0.825204,35963.3,75165.1,3003380
2005,16,36580,29988.5,13976.8638281901,71882.2609741621,10290.8532210061,45487.9189130191,0.752211,37035.4,81592.3,4705700
2006,16,37577,29904.6,15641.1741570793,66841.9534827162,11115.3244515514,41188.0698432264,0.803771,39940.7,87678.6,2735100
2007,16,54641.2,43409.2,16903.2523841856,66923.0344359368,12747.4071414754,44270.8210275027,0.622034,49418.8,101999,2904420
2008,16,51795,42548.2,15830.3884383325,57342.6923002119,12216.1913166041,36744.628509051,0.702155,56777.9,95383.6,3233810
2009,16,54026.1,44498.7,15186.3938248651,47172.4796177039,11646.4480423377,29639.7058035738,0.73271,54903,90749.7,2359230
2010,16,49105.7,40647.8,16377.6813032787,51773.8509882614,12317.0608206205,32717.0825508331,0.706098,52001.1,91694.3,2128660
2011,16,40686.8,33860.9,17248.6473581205,64641.6404903678,13353.191390428,41475.8649661043,0.581616,57929.2,101475,4293300
2012,16,40764,34098.7,16985.7972123363,61143.9341245614,13232.5941466169,38142.6260983769,0.568176,58506.4,94250.1,4821900
2013,16,40757.4,34267.8,18504.4043066455,66860.3576303818,14187.1964167118,42007.316405315,0.534844,58306,99071.4,4340860
2014,16,45192.4,37413.2,20573.5004101524,63758.5288550968,15776.316778338,41419.2853016084,0.49187,62391,113398,2718700
2015,16,49899.9,41289.8,20963.1234415556,53526.7981574644,16579.8845667494,35892.7106786856,0.48846,70310.9,121585,2325540
2016,16,50310.5,42802.5,19381.1178053423,46576.0508513529,15898.2487230045,31204.4453264295,0.458014,72245.2,111069,3088890
2017,16,46368.7,39919.1,18953.0421127505,35065.6933294321,15307.1723610659,22791.6028661174,0.491962,67544.7,101547,1014540
2018,16,47904.1,40579.7,15504.4040088585,35661.4155874972,12489.2123697092,24134.1429388969,0.656954,65606.9,104284,1230960
2019,16,35920.4,30783.7,13904.7602983634,33613.5164573708,11158.5041908891,22327.2630364696,0.547348,47948.5,72553.4,3066350
1974,17,323103,290793,93890.0362868635,503103.017444779,84501.0326581772,452792.715700301,0.860225,386973,542138,33493900
1975,17,276575,248917,105426.221982519,550068.457819164,94883.5997842675,495061.612037248,0.889082,303736,567284,33232600
1976,17,326266,293639,110971.078671666,644153.447745535,99873.9708044996,579738.102970982,0.957763,395947,662781,34984900
1977,17,289854,260868,107555.432371834,586218.340161103,96799.8891346509,527596.506144993,0.712184,379183,612375,33882300
1978,17,188195,169375,102799.742726412,567100.785427476,92519.7684537711,510390.706884729,0.631514,383342,632462,25932300
1979,17,243608,219247,112130.886100756,491199.182143883,100917.79749068,442079.263929495,0.692237,383907,622449,28879800
1980,17,223322,200990,111359.139751379,517333.543272577,100223.225776241,465600.188945319,0.736253,405754,659525,21444900
1981,17,192184,172965,85406.6707801142,474426.827044902,76866.0037021028,426984.144340412,0.630191,420342,572699,22175300
1982,17,140266,126239,64259.0565253037,299982.681895505,57833.1508727733,269984.413705954,0.509044,302624,408400,13263600
1983,17,161319,145187,57331.589361157,254267.804073968,51598.4304250413,228841.023666571,0.685282,251087,353011,14757800
1984,17,145614,131052,52778.8862669085,246473.482636252,47500.9976402177,221826.134372627,0.821183,195372,310990,13685700
1985,17,100364,90327.9,54784.1607139364,254290.116422712,49305.7446425428,228861.104780441,0.610951,203288,295837,17751600
1986,17,161508,145357,69682.842228988,315489.776752149,62714.5580060892,283940.799076934,0.810647,207041,365552,21588200
1987,17,138802,124922,64404.0605664421,340783.900344798,57963.6545097979,306705.510310319,0.923302,223823,366973,21305100
1988,17,133209,119888,62222.5126168164,324670.945018695,56000.2613551348,292203.850516825,0.725405,224616,330403,25016700
1989,17,123582,111224,65727.1905717232,332473.810264623,59154.4715145509,299226.429238161,0.726908,219377,382485,16211100
1990,17,152614,137352,55758.7015288629,242855.298742127,50182.8313759766,218569.768867915,0.752232,239614,342709,13047900
1991,17,126730,114057,53409.6326905226,207577.270586496,48068.6694214703,186819.543527847,0.598792,219292,313833,11654200
1992,17,108541,97686.8,51412.9686684977,217643.74447052,46271.6718016479,195879.370023468,0.582924,204844,285669,15372500
1993,17,116921,105229,46423.4193089998,208295.541755866,41781.0773780998,187465.987580279,0.70646,191058,277422,12789100
1994,17,101644,91479.2,44215.2047896462,182340.319710584,39793.6843106816,164106.287739526,0.6659,174725,257348,11224900
1995,17,105486,94937.8,45971.2242436297,196960.320136839,41374.1018192667,177264.288123155,0.572654,175969,263380,10601400
1996,17,76123.2,68510.9,36817.4175867132,146886.853645944,33135.6758280419,132198.168281349,0.52537,161940,230408,6399050
1997,17,61432.2,55289,33653.82951332,144748.944595531,30288.446561988,130274.050135978,0.466232,136775,182550,10506500
1998,17,47478.1,42730.3,35168.2971203979,201611.212106589,31651.4674083581,181450.09089593,0.380419,119217,175609,15744000
1999,17,60836.2,54752.5,33370.3288101162,190462.97147492,30033.2959291046,171416.674327428,0.518959,115345,190802,11775100
2000,17,63812.5,57431.3,43883.7979254606,191358.123459083,39495.4181329145,172222.311113175,0.573545,127261,215019,14089700
2001,17,45244.9,40720.4,49716.673347594,254092.98941291,44745.0060128346,228683.690471619,0.34076,158299,253262,17260700
2002,17,46448.2,41803.3,41535.0152866615,217323.609442349,37381.5137579954,195591.248498114,0.299975,163457,240965,11121800
2003,17,45642.7,41078.4,32295.926826893,147466.297179447,29066.3341442037,132719.667461502,0.325113,150950,192064,8715530
2004,17,33557.6,30201.9,28235.6698607,148521.308448731,25412.10287463,133669.177603858,0.257273,123695,159336,9668650
2005,17,28878.8,25990.9,26598.459837801,132740.932169758,23938.6138540209,119466.838952782,0.245734,107399,151724,7719090
2006,17,36764.3,33087.9,24870.427193771,125365.556335005,22383.3844743939,112829.000701504,0.303926,97854.3,135114,8214950
2007,17,26973.6,24276.3,23516.42669559,139642.332823701,21164.784026031,125678.099541331,0.273143,93736.8,125113,10138100
2008,17,28242.3,25418.1,25088.413358153,137383.229199154,22579.5720223377,123644.906279239,0.269437,97474.7,136553,8571160
2009,17,28417,25575.3,23962.8103844715,98941.2917078779,21566.5293460244,89047.1625370901,0.252373,99668.3,132344,5527640
2010,17,34442.1,30997.9,31565.0464730665,128893.701866648,28408.5418257599,116004.331679983,0.278058,124682,159510,8768780
2011,17,30665.4,27598.9,32353.562838788,139247.763835672,29118.2065549092,125322.987452105,0.252772,129734,173618,7626320
2012,17,30210.7,27189.7,29125.3041080595,105882.199032752,26212.7736972536,95293.9791294767,0.207879,139274,167510,5103830
2013,17,26661.3,23995.2,27479.455568356,103676.899397095,24731.5100115204,93309.2094573856,0.203893,127897,147721,6876380
2014,17,28362.2,25526,30419.208212613,124133.19482026,27377.2873913517,111719.875338234,0.237428,122626,161822,7452250
2015,17,36249.6,32624.6,31979.3155161025,140805.139835321,28781.3839644923,126724.625851789,0.286128,125769,163125,9891810
2016,17,33392.6,30053.3,34477.8217640355,170140.661934707,31030.039587632,153126.595741237,0.280565,135300,175549,12353900
2017,17,29344.4,26410,35285.297460516,148671.651185659,31756.7677144644,133804.486067093,0.223199,147354,192976,7164090
2018,17,28436.8,25593.1,33615.055293395,126125.113751393,30253.5497640555,113512.602376253,0.208084,153868,188386,6500740
2019,17,31281.4,28153.3,34719.753040867,126930.25846338,31247.7777367803,114237.232617042,0.235292,140451,173519,9823560
1974,18,396271,348718,149020.19910437,847543.835183922,131137.775211846,745838.574961852,0.73355,316219,827284,38721000
1975,18,494728,435361,172429.135854858,754390.60745039,151737.639552275,663863.734556343,0.863586,143082,1194420,3572630
1976,18,402850,354508,124215.682400221,368479.235323047,109309.800512195,324261.727084281,0.830936,167340,888842,5576190
1977,18,240340,211499,68116.9287762486,275880.509823312,59942.8973230988,242774.848644515,0.760634,323285,459773,11858900
1978,18,146706,129101,61162.7368682699,358860.414749398,53823.2084440775,315797.164979471,0.808915,128463,361389,16628100
1979,18,149064,131177,94261.620136144,638155.405118704,82950.2257198067,561576.75650446,0.846134,81154,473514,31827500
1980,18,202451,178157,135646.379619551,642979.593738585,119368.814065204,565822.042489955,0.80186,94142.7,812320,15369000
1981,18,226485,199306,132835.864518261,670018.606505242,116895.56077607,589616.373724613,0.555583,166498,814077,23720700
1982,18,256108,225375,113805.449475155,503998.674678669,100148.795538137,443518.833717228,0.520755,386078,763233,12320800
1983,18,253230,222842,99013.289988527,431761.959331527,87131.6951899038,379950.524211744,0.711256,261065,580650,20281900
1984,18,247089,217439,102592.84709676,379597.790460261,90281.7054451491,334046.05560503,0.840488,224691,659578,7081350
1985,18,247098,217447,87312.8031841376,247093.652921887,76835.2668020411,217442.414571261,0.775278,151504,555984,7598220
1986,18,223727,196880,76133.9526556074,300737.493414602,66997.8783369345,264648.99420485,0.810584,251181,427535,16241500
1987,18,194995,171595,74109.4709450291,182233.323616615,65216.3344316256,160365.324782621,0.935,158368,485468,1690120
1988,18,179974,158377,52948.8164011226,83448.4791551946,46594.9584329878,73434.6616565712,0.993021,120162,377445,1465720
1989,18,127719,112393,27680.010970218,58297.2857562612,24358.4096537918,51301.6114655098,0.936601,151555,198489,2362630
1990,18,86747.9,76338.1,23610.039916215,109209.194140578,20776.8351262692,96104.0908437086,0.887135,67911.3,128106,6107000
1991,18,97264.3,85592.6,32248.684294906,144994.497510698,28378.8421795173,127595.157809414,0.957288,39953.5,163371,7154350
1992,18,135185,118962,49756.6276006684,216450.031534807,43785.8322885882,190476.02775063,0.82374,39651.3,258349,10103400
1993,18,180218,158592,61018.1006793597,176704.70216263,53695.9285978365,155500.137903114,0.969327,84985.7,387379,3357450
1994,18,169436,149104,69222.8413408108,256528.089198981,60916.1003799135,225744.718495103,0.909528,102936,355511,16483200
1995,18,168928,148656,83701.9508451628,360725.296780672,73657.7167437433,317438.261166991,0.803032,134042,530740,7017480
1996,18,204683,180121,73584.3160936192,186620.283330669,64754.1981623849,164225.849330989,0.886405,94756.2,483027,4808160
1997,18,170009,149608,57021.7602442675,125287.705009594,50179.1490149554,110253.180408442,0.684901,190069,349153,3553430
1998,18,161929,142498,44082.1581750836,84487.2386866712,38792.2991940735,74348.7700442707,0.753221,133842,286389,1936780
1999,18,123489,108670,48378.825688089,187152.136214638,42573.3666055183,164693.879868882,1.00154,111774,191807,18944300
2000,18,126823,111604,107097.86704686,339222.269899511,94246.123001237,298515.59751157,0.962392,64333.8,551161,5791180
2001,18,173366,152562,131134.265200527,157124.266855679,115398.153376464,138269.354832998,0.742816,38478.6,746529,1064650
2002,18,155333,136693,82856.4553585759,91653.4326549675,72913.6807155468,80655.0207363714,0.611643,404839,539108,1534580
2003,18,74350.2,65428.2,52076.4391977285,62474.778754191,45827.266494001,54977.8053036881,0.332363,276611,312556,1841950
2004,18,72513.1,63811.5,33793.3752638681,71490.609707624,29738.1702322039,62911.7365427091,0.359682,169872,217076,1612030
2005,18,64115.2,56421.3,34845.6417552304,179221.524379877,30664.1647446027,157714.941454292,0.403407,105304,143577,12739800
2006,18,66967.2,58931.2,44795.4532272108,221718.784151743,39419.9988399455,195112.530053534,0.668837,66284,287868,3026780
2007,18,67425.3,59334.3,43477.2671359421,95749.3368210175,38259.995079629,84259.4164024954,0.647784,37304,256275,1757390
2008,18,47787,42052.6,35114.0264900938,56033.8412925713,30900.3433112825,49309.7803374627,0.390431,143268,208396,987005
2009,18,47952.5,42198.2,29968.6298434211,82185.072029041,26372.3942622106,72322.8633855561,0.332478,102753,144450,5358420
2010,18,45377.6,39932.3,40719.6407556749,116483.560048396,35833.2838649939,102505.532842588,0.36091,83462.6,229111,693167
2011,18,49689.9,43727.1,37230.5641030638,51279.52746503,32762.8964106961,45125.9841692264,0.50541,60940.9,219056,341517
2012,18,43194.2,38010.9,30885.784444758,28420.2420322568,27179.490311387,25009.812988386,0.310112,159339,177596,847902
2013,18,47127.4,41472.1,24112.4809899865,25907.9784602251,21218.9832711881,22799.0210449981,0.269958,120358,141004,495361
2014,18,46284,40729.9,20549.3734863767,57813.5205245271,18083.4486680115,50875.8980615839,0.480608,78670.8,105330,4044250
2015,18,41558.9,36571.8,25535.8455951573,82288.6901003173,22471.5441237384,72414.0472882792,0.782617,55341,152591,1280940
2016,18,43152.2,37973.9,28276.4857644883,73049.760957547,24883.3074727497,64283.7896426413,0.500944,30705.2,155362,2205590
2017,18,40793.9,35898.7,29773.5593031017,64622.6550534935,26200.7321867295,56867.9364470742,0.370951,103634,171638,1147660
2018,18,39492.2,34753.2,28220.5489269787,58445.8686721162,24834.0830557412,51432.3644314623,0.277151,87781,154506,1821100
2019,18,36601.4,32209.3,39739.8521855353,113540.230436748,34971.0699232711,99915.4027843378,0.234293,100762,158515,8993090
1974,19,341457,310725,158191.085195375,0,143953.887527791,0,0.457393,573975,874700,278829
1975,19,308362,280610,153876.992868125,0,140028.063509994,0,0.520352,496209,835424,149715
1976,19,432832,393877,130689.565270595,0,118927.504396241,0,0.573015,375316,747803,179353
1977,19,242626,220790,97725.25251363,0,88929.9797874033,0,0.733429,298146,614612,158975
1978,19,179361,163218,84474.636993255,0,76871.9196638621,0,0.430765,252058,460812,352348
1979,19,144250,131268,90743.01199535,0,82576.1409157685,0,0.448334,244781,487149,275478
1980,19,146784,133573,89865.232899875,0,81777.3619388863,0,0.52359,227188,473801,278262
1981,19,150025,136523,104515.529151365,0,95109.1315277422,0,0.488742,216775,553954,250554
1982,19,205438,186949,105823.31055442,0,96299.2126045222,0,0.501531,197090,570133,300901
1983,19,205616,187111,94738.31273743,0,86211.8645910613,0,0.717481,200848,551129,616997
1984,19,245308,223230,86708.972216776,0,78905.1647172662,0,0.60612,165755,451086,290998
1985,19,280080,254873,91820.480956229,0,83556.6376701684,0,0.596061,144122,445957,266613
1986,19,236972,215644,89105.757294561,0,81086.2391380505,0,0.792364,129400,511553,173951
1987,19,195418,177830,71615.691683624,0,65170.2794320978,0,0.663787,131502,400273,167221
1988,19,156418,142340,62118.1227222945,0,56527.491677288,0,0.721418,131778,361533,229908
1989,19,126442,115063,54954.573062606,0,50008.6614869715,0,0.659047,112008,304624,187179
1990,19,126902,115481,54767.2558719685,0,49838.2028434913,0,0.586766,106835,286569,226058
1991,19,133739,121702,55975.1683143125,0,50937.4031660244,0,0.571995,100187,294753,170891
1992,19,117430,106862,63568.237639619,0,57847.0962520533,0,0.539175,98106.4,311544,494555
1993,19,135112,122952,70008.6413956755,0,63707.8636700647,0,0.702277,110285,356313,209035
1994,19,128816,117223,79793.371577684,0,72611.9681356924,0,0.522222,109601,368687,288351
1995,19,143477,130564,110752.780358563,0,100785.030126292,0,0.644585,134096,563284,137841
1996,19,130551,118801,94310.704773674,0,85822.7413440433,0,0.559361,147419,493678,266534
1997,19,121523,110586,92940.325020861,0,84575.6957689835,0,0.408115,179471,472279,146159
1998,19,118480,107816,80461.234706576,0,73219.7235829842,0,0.429925,179815,409633,321499
1999,19,120395,109560,81220.2765433745,0,73910.4516544708,0,0.56628,182452,425202,356217
2000,19,94675.6,86154.8,88809.228075215,0,80816.3975484457,0,0.414203,171829,429337,244295
2001,19,104100,94731.3,101428.64977813,0,92300.0712980983,0,0.322559,179701,475789,189435
2002,19,129849,118162,111712.19374024,0,101658.096303618,0,0.425563,211933,565265,307563
2003,19,121658,110709,92765.881009005,0,84416.9517181946,0,0.45078,202171,478885,125931
2004,19,113792,103551,106379.572325345,0,96805.410816064,0,0.322647,252938,531087,175230
2005,19,119234,108503,95815.867569485,0,87192.4394882313,0,0.380583,237427,499569,113312
2006,19,128711,117127,91566.77939808,0,83325.7692522528,0,0.366572,259684,484629,122137
2007,19,106333,96763.1,82151.22936631,0,74757.6187233421,0,0.312942,241279,427052,187641
2008,19,129887,118197,73664.31202723,0,67034.5239447793,0,0.465802,229301,401799,101785
2009,19,114519,104213,69840.50679731,0,63554.8611855521,0,0.465669,219181,375855,172048
2010,19,104723,95297.9,71610.923915275,0,65165.9407629003,0,0.468731,207153,387264,183333
2011,19,102008,92827.5,62504.012987515,0,56878.6518186387,0,0.432783,163691,324733,115873
2012,19,87049.1,79214.6,62828.545070585,0,57173.9760142324,0,0.398084,147519,316700,148180
2013,19,87269.8,79415.5,65109.015204755,0,59249.2038363271,0,0.357171,150859,330971,230613
2014,19,82171.6,74776.2,68337.43509766,0,62187.0659388706,0,0.372915,174225,350166,166573
2015,19,81446.6,74116.4,72256.14180862,0,65753.0890458442,0,0.369395,182757,362284,96829.1
2016,19,77671.3,70680.9,76475.656732055,0,69592.8476261701,0,0.336668,175923,385443,136437
2017,19,94572.8,86061.3,76978.442342295,0,70050.3825314885,0,0.388618,204022,410136,212058
2018,19,95446.2,86856,71649.63287845,0,65201.1659193895,0,0.350603,206915,372300,205225
2019,19,96634.5,87937.4,78440.13033731,0,71380.5186069521,0,0.342701,221591,396958,203994
1974,20,604750,220247,921541.185715763,0,181927.958207318,0,0.123967,4957080,5596200,4537480
1975,20,780518,466992,901032.423408975,0,217511.844099865,0,0.165767,4764730,5524160,4629650
1976,20,826864,205545,876598.848307312,0,140149.94744267,0,0.188267,4532610,5384560,3055090
1977,20,619776,109430,835273.288004625,0,110607.45415065,0,0.147397,4361370,5141220,778255
1978,20,735619,130770,740830.569786375,0,83834.79262566,0,0.186599,4268840,4785600,2418100
1979,20,840578,239951,644883.837397125,0,90538.9244191537,0,0.230012,3767180,4155690,4639020
1980,20,733063,246183,539886.1753956,0,96725.0829054113,0,0.244328,2696790,3253640,5274980
1981,20,750656,257298,561459.304326491,0,87300.3241617743,0,0.25248,2446020,3258550,6371020
1982,20,716385,262855,597271.643763525,0,107616.636772464,0,0.24887,2443400,3407680,1757710
1983,20,671927,250657,559502.318460937,0,114262.030260887,0,0.214043,2616170,3398870,1268040
1984,20,633027,256929,492337.060643482,0,105945.949115331,0,0.220728,2634670,3044250,6090200
1985,20,609877,244303,547136.261832825,0,121834.236020057,0,0.197365,2514850,3117210,3011090
1986,20,600246,263876,562888.604203988,0,171857.276986,0,0.184752,2598510,3325070,3120680
1987,20,654429,287221,540657.95505975,0,161813.641405507,0,0.201894,2628480,3221730,4683650
1988,20,677317,295331,561869.028309525,0,165797.675371417,0,0.218517,2610290,3302090,3179510
1989,20,582714,255824,546649.535523,0,165313.42129694,0,0.18681,2483020,3221220,3943710
1990,20,624046,271781,555816.234585225,0,165886.794677798,0,0.202712,2637750,3278690,2883520
1991,20,674986,296164,549663.919556738,0,165068.09571482,0,0.240091,2752670,3358220,3404700
1992,20,758475,332009,524658.655590112,0,154913.41333844,0,0.277481,2704530,3202280,4227860
1993,20,823385,360218,522345.064267237,0,152495.567774808,0,0.320515,2585320,3158750,4532690
1994,20,817922,357445,518391.330228413,0,151438.296481409,0,0.344179,2521060,3115200,3920180
1995,20,755210,331225,524049.362394037,0,153513.386880587,0,0.326569,2542980,3147700,3368260
1996,20,561267,244597,501414.610479338,0,148524.705677904,0,0.244786,2431290,2957680,3481210
1997,20,570291,248053,500058.8925198,0,147723.706965714,0,0.237317,2447000,2955770,2907400
1998,20,662343,263275,475070.089842563,0,129283.599822759,0,0.271029,2444850,2871070,2946490
1999,20,636297,253018,461913.227095073,0,124767.11616726,0,0.280682,2389050,2805400,3318970
2000,20,736472,292978,434486.985404775,0,116234.46642763,0,0.33273,2252960,2661270,1978310
2001,20,735748,315687,387945.412355062,0,111192.327827231,0,0.371497,2098340,2443640,3963430
2002,20,770238,311527,363552.569666362,0,96663.704298363,0,0.447499,1799670,2183060,5364100
2003,20,678030,268113,407200.53338283,0,107253.301579333,0,0.429974,1754920,2326290,3523800
2004,20,684412,274417,433795.592428087,0,118360.363351254,0,0.470105,2051180,2511320,4834780
2005,20,549854,209035,466352.265119813,0,121211.465350528,0,0.342879,1974330,2549950,7765310
2006,20,478373,176491,593993.005974,0,150951.8392208,0,0.279669,2202300,3094430,8888820
2007,20,588318,205685,736860.676156759,0,182678.954079763,0,0.314371,2672620,3911020,8162650
2008,20,622041,211552,831144.31827861,0,201227.732273883,0,0.289903,3184610,4520110,7641260
2009,20,738620,243763,895397.545343775,0,210043.593918763,0,0.269684,3748630,4977810,7286720
2010,20,877019,245683,924899.029204046,0,188945.545903278,0,0.253574,4200920,5182780,10963100
2011,20,947366,255985,1103088.96407531,0,218271.276908835,0,0.236008,4874310,6103500,10263600
2012,20,895262,233142,1175405.53576283,0,226932.848108948,0,0.206178,5056260,6548150,5945390
2013,20,933733,224728,1105154.46312131,0,196453.683752885,0,0.203163,5396710,6435060,4662300
2014,20,1395450,321382,1021825.52952401,0,170992.800509625,0,0.254867,5451010,6187060,7069000
2015,20,1215560,268205,1032449.85929422,0,166649.733623045,0,0.237776,5468830,6172760,2710340
2016,20,1096450,264065,964582.304016975,0,167538.675581932,0,0.225494,5280130,5942670,8236230
2017,20,1155500,255063,914577.125186287,0,159330.709788081,0,0.243686,4606070,5390760,4918140
2018,20,1025910,216581,925376.947540725,0,149651.87376939,0,0.232999,4403690,5542700,5897410
2019,20,840182,168839,895406.007182475,0,142060.350172416,0,0.19438,4248660,5260440,4223430
1974,21,266013,266013,29656.115132449,93951.5745756677,29656.115132449,93951.5745756677,0.725797,224241,266485,9547450
1975,21,253937,253937,19662.8222678455,52536.9490686483,19662.8222678455,52536.9490686483,1.26688,156409,199652,4024110
1976,21,159255,159255,10631.10934913,28630.2270968678,10631.10934913,28630.2270968678,0.818407,81802.2,99565,2114060
1977,21,39314.4,39314.4,8674.637497738,22334.5264134955,8674.637497738,22334.5264134955,0.214538,56189.4,66518.2,1284880
1978,21,0,0,10558.959685561,24718.6344608928,10558.959685561,24718.6344608928,0,66988.6,77534,1019860
1979,21,0,0,14823.0183506925,39104.1713490981,14823.0183506925,39104.1713490981,0,93331,104864,3948500
1980,21,73449.9,73449.9,25758.8727018025,104421.363236563,25758.8727018025,104421.363236563,0.120108,121914,152280,14228900
1981,21,208745,208745,44090.4691944225,199122.654907643,44090.4691944225,199122.654907643,0.172739,187841,276268,19231400
1982,21,277070,277070,75369.967315595,312163.156442934,75369.967315595,312163.156442934,0.140659,336765,469070,29052400
1983,21,430216,430216,112718.02247876,369621.928497894,112718.02247876,369621.928497894,0.31625,604207,803695,26283900
1984,21,460933,460933,139713.86559846,382850.021578799,139713.86559846,382850.021578799,0.50971,900229,1107870,29599900
1985,21,659339,659339,143880.734539378,443811.736235919,143880.734539378,443811.736235919,0.56102,943624,1174680,44970500
1986,21,752731,752731,157252.012939782,498235.774667751,157252.012939782,498235.774667751,0.461742,899432,1168070,51160700
1987,21,1008730,1008730,188716.283750735,525712.943411588,188716.283750735,525712.943411588,0.430865,1031540,1364510,40028600
1988,21,1140870,1140870,202761.765713103,476213.331443394,202761.765713103,476213.331443394,0.434117,1375490,1669620,21955900
1989,21,910318,910318,192271.437422188,365427.434386898,192271.437422188,365427.434386898,0.371765,1408650,1617080,19364700
1990,21,739056,739056,179648.504218655,329576.361132901,179648.504218655,329576.361132901,0.36434,1439990,1560700,18971200
1991,21,685045,685045,161578.46363235,286515.280796066,161578.46363235,286515.280796066,0.384565,1270930,1390260,20595200
1992,21,764432,764432,144350.091459925,292595.497578065,144350.091459925,292595.497578065,0.525316,1031200,1245600,29609000
1993,21,687902,687902,127551.73611735,315153.389060151,127551.73611735,315153.389060151,0.708829,734406,1083110,31417300
1994,21,597208,597208,118684.203167575,280117.820319788,118684.203167575,280117.820319788,0.674518,736668,976228,23540800
1995,21,595417,595417,108006.67310083,311126.533425501,108006.67310083,311126.533425501,0.784482,705022,937983,24840700
1996,21,274372,274372,107973.768663755,292605.762001821,107973.768663755,292605.762001821,0.317334,607467,805263,25736800
1997,21,264056,264056,133665.109418425,305301.457633128,133665.109418425,305301.457633128,0.281236,726255,975293,16087900
1998,21,380193,380193,151279.105111315,322242.080677486,151279.105111315,322242.080677486,0.425996,989556,1262010,12366600
1999,21,369622,369622,153950.573342552,362682.491609086,153950.573342552,362682.491609086,0.323963,1046130,1230650,36370500
2000,21,421779,421779,185679.86195924,371629.623013052,185679.86195924,371629.623013052,0.327214,1072730,1353190,23074700
2001,21,363691,363691,232325.332370827,642893.173672014,232325.332370827,642893.173672014,0.259988,1395020,1702840,62908200
2002,21,390438,390438,300054.51802335,764430.427480619,300054.51802335,764430.427480619,0.231282,1736050,2155700,24787600
2003,21,487432,487432,343488.103260575,742918.365338049,343488.103260575,742918.365338049,0.242221,1969350,2819470,16902300
2004,21,589576,589576,314366.046341225,756157.296093338,314366.046341225,756157.296093338,0.255751,2166040,2812270,19171500
2005,21,665396,665396,252705.633762875,547678.453851881,252705.633762875,547678.453851881,0.33436,2127140,2337430,13129400
2006,21,513247,513247,194505.22282165,438156.047028883,194505.22282165,438156.047028883,0.268409,1556910,1751550,15600800
2007,21,406368,406368,161207.104660975,419751.895553265,161207.104660975,419751.895553265,0.233883,1223670,1388310,20315500
2008,21,258713,258713,152632.69388345,391577.699277891,152632.69388345,391577.699277891,0.164582,1095180,1227800,18283700
2009,21,168589,168589,174657.634827,380098.755744686,174657.634827,380098.755744686,0.09737,1228150,1352160,21094400
2010,21,186255,186255,215963.6765359,418665.935762477,215963.6765359,418665.935762477,0.111854,1300720,1644130,20724900
2011,21,224049,224049,251501.5261215,491011.903711581,251501.5261215,491011.903711581,0.10064,1740110,1981520,18111400
2012,21,434509,434509,255402.91947625,493759.436410479,255402.91947625,493759.436410479,0.189572,2046560,2168550,17810800
2013,21,511220,511220,238417.618494025,479788.552007767,238417.618494025,479788.552007767,0.217882,1860680,2013880,28864100
2014,21,518042,518042,235871.55539685,532610.398416517,235871.55539685,532610.398416517,0.209723,1672310,1867820,32843100
2015,21,494949,494949,254647.411084,468855.458407581,254647.411084,468855.458407581,0.234437,1600050,1991640,8763900
2016,21,563618,563618,251846.7713068,509915.877138973,251846.7713068,509915.877138973,0.236854,1846790,2173000,14188500
2017,21,490975,490975,218626.99880135,390609.315478422,218626.99880135,390609.315478422,0.180746,1689660,1869560,6925830
2018,21,591798,591798,194312.51762475,394645.095818396,194312.51762475,394645.095818396,0.236619,1503610,1744800,16708400
2019,21,432123,432123,168328.884881775,298397.295214673,168328.884881775,298397.295214673,0.21356,1260030,1412200,13349200
1974,22,220388,220388,136198.78637215,990578.371361106,136198.78637215,990578.371361106,0.290688,242404,965863,211263000
1975,22,196585,196585,91511.72883175,678779.031939143,91511.72883175,678779.031939143,0.390287,291483,683786,170772000
1976,22,110245,110245,85684.77505575,573948.551787265,85684.77505575,573948.551787265,0.292431,159373,503832,190040000
1977,22,271729,271729,77606.63791005,441936.192671263,77606.63791005,441936.192671263,0.693193,159705,618291,106057000
1978,22,133700,133700,74128.9386233,410454.029239938,74128.9386233,410454.029239938,0.455336,142296,410655,161124000
1979,22,202374,202374,130891.8888291,838926.221928082,130891.8888291,838926.221928082,0.169815,149653,566572,337371000
1980,22,303285,303285,142007.6631232,950651.165489086,142007.6631232,950651.165489086,0.520848,279758,1072540,206716000
1981,22,152257,152257,106929.6367456,823720.587782536,106929.6367456,823720.587782536,0.322939,262365,688700,243253000
1982,22,87780.1,87780.1,93485.2938267,696775.311309035,93485.2938267,696775.311309035,0.308561,143841,651285,230884000
1983,22,96993.3,96993.3,102649.1310027,669919.393473625,102649.1310027,669919.393473625,0.12524,134981,507712,190350000
1984,22,98661.2,98661.2,133005.72726715,698551.256771333,133005.72726715,698551.256771333,0.115313,213187,552341,104152000
1985,22,91674,91674,168171.2582059,802304.717874542,168171.2582059,802304.717874542,0.181021,310321,589333,216074000
1986,22,400801,400801,146067.41197895,939148.293496927,146067.41197895,939148.293496927,0.383271,182284,683638,295631000
1987,22,408065,408065,151552.31942765,849906.729997307,151552.31942765,849906.729997307,0.282115,245183,774124,127818000
1988,22,393355,393355,136634.2696891,1018976.46196672,136634.2696891,1018976.46196672,0.367957,312439,555922,410978000
1989,22,478128,478128,113151.4373691,627237.98141591,113151.4373691,627237.98141591,0.790552,173075,768747,142638000
1990,22,252809,252809,86815.380837,540990.737655629,86815.380837,540990.737655629,0.657524,156668,478787,198700000
1991,22,413418,413418,97716.5195037,716244.75251827,97716.5195037,716244.75251827,0.430466,161157,578213,241482000
1992,22,190875,190875,137189.65153785,814114.07907999,137189.65153785,814114.07907999,0.273114,125321,435743,270939000
1993,22,279254,279254,156373.07557325,1291721.12896875,156373.07557325,1291721.12896875,0.254717,231079,734196,505116000
1994,22,502751,502751,188996.284906,1377792.07311431,188996.284906,1377792.07311431,0.729825,277114,955725,526759000
1995,22,365350,365350,168747.41536245,1148505.4629488,168747.41536245,1148505.4629488,0.313475,255256,1055390,247958000
1996,22,328107,328107,207142.4892313,1306602.90228341,207142.4892313,1306602.90228341,0.330521,341870,943310,853616000
1997,22,584720,584720,233518.49143045,1225930.88411468,233518.49143045,1225930.88411468,0.358716,252845,1625500,137953000
1998,22,562957,562957,118676.902055,637720.933031323,118676.902055,637720.933031323,0.495885,514706,803917,165780000
1999,22,296332,296332,160696.08283335,717676.910693071,160696.08283335,717676.910693071,0.420781,233620,551925,233801000
2000,22,267363,267363,127934.7088483,988980.573126112,127934.7088483,988980.573126112,0.476557,176994,782930,270241000
2001,22,291694,291694,103759.60982835,834593.116580386,103759.60982835,834593.116580386,0.299811,145918,585878,173361000
2002,22,163107,163107,65823.126553935,466860.919584167,65823.126553935,466860.919584167,0.489326,124204,477898,66498300
2003,22,72291.1,72291.1,47827.7357343,368540.364624744,47827.7357343,368540.364624744,0.254044,90220.8,199510,116514000
2004,22,80779,80779,37945.261808295,299452.964677307,37945.261808295,299452.964677307,0.493824,46170.3,245368,68311400
2005,22,23672.7,23672.7,32441.524832785,286184.185329383,32441.524832785,286184.185329383,0.195532,53400.6,198296,108831000
2006,22,16351.6,16351.6,56649.86676918,465844.9128285,56649.86676918,465844.9128285,0.0659954,46216.1,223211,167569000
2007,22,89771.6,89771.6,77151.49094181,560338.17469632,77151.49094181,560338.17469632,0.216664,84467,441332,150761000
2008,22,88546.2,88546.2,74735.17979995,472561.064015193,74735.17979995,472561.064015193,0.379439,142382,481111,130803000
2009,22,29590.5,29590.5,112476.4990691,643328.85858039,112476.4990691,643328.85858039,0.0344549,106081,392611,284910000
2010,22,76346,76346,125970.4814359,573756.683460032,125970.4814359,573756.683460032,0.122077,267065,984895,42209100
2011,22,95974.8,95974.8,73687.9379441,364719.802342712,73687.9379441,364719.802342712,0.156508,359319,519840,34530800
2012,22,43052.6,43052.6,80609.84979495,469643.635403908,80609.84979495,469643.635403908,0.0593327,229147,328948,179755000
2013,22,25468.6,25468.6,103749.2355085,549925.019159254,103749.2355085,549925.019159254,0.0886732,96232,519398,144220000
2014,22,134873,134873,99284.88765405,531986.547626813,99284.88765405,531986.547626813,0.553138,203510,628902,199213000
2015,22,119794,119794,123729.4791508,505873.89262896,123729.4791508,505873.89262896,0.225333,196521,744117,29766600
2016,22,46563.1,46563.1,109620.9259801,694110.310720525,109620.9259801,694110.310720525,0.0929654,295463,386138,591942000
2017,22,204772,204772,232798.1100467,978825.283901995,232798.1100467,978825.283901995,0.137552,204068,1508730,49839800
2018,22,110539,110539,146792.68515885,732296.142403682,146792.68515885,732296.142403682,0.145744,557243,805645,258830000
2019,22,143583,143583,265954.4499429,1060893.9427388,265954.4499429,1060893.9427388,0.147866,353278,1102860,438493000
1974,23,118670,118670,125824.894944,366598.470540167,125824.894944,366598.470540167,0.144783,410521,723223,171964000
1975,23,162704,162704,150808.543554,443164.915111185,150808.543554,443164.915111185,0.203503,371132,1026530,75702100
1976,23,316414,316414,121361.583971,334943.522432341,121361.583971,334943.522432341,0.469997,516706,859583,133663000
1977,23,314952,314952,144201.6058841,407697.10048099,144201.6058841,407697.10048099,0.427712,316661,814319,283189000
1978,23,665810,665810,191706.8089968,468322.19871198,191706.8089968,468322.19871198,0.649169,346695,1446000,137272000
1979,23,481048,481048,155805.5370258,341645.364623838,155805.5370258,341645.364623838,0.800354,557780,1187590,168771000
1980,23,420808,420808,142067.0466499,340797.386365581,142067.0466499,340797.386365581,0.596719,378974,1068400,82609200
1981,23,375286,375286,140819.4806951,408496.097941013,140819.4806951,408496.097941013,0.663791,420734,781145,358747000
1982,23,537998,537998,146786.4352093,394813.644758091,146786.4352093,394813.644758091,0.936769,179113,1219390,32815400
1983,23,470143,470143,111446.48169095,318662.181323353,111446.48169095,318662.181323353,0.536233,358553,511711,292839000
1984,23,572693,572693,153320.8418954,433343.614964661,153320.8418954,433343.614964661,0.731452,194042,992787,94104000
1985,23,524433,524433,131333.614992,388956.808299673,131333.614992,388956.808299673,0.845055,344783,636999,367866000
1986,23,463796,463796,198223.8366154,594466.284492741,198223.8366154,594466.284492741,0.339726,193281,1157390,85720700
1987,23,415066,415066,169374.401452,512980.281313724,169374.401452,512980.281313724,0.246194,651343,1049910,70158000
1988,23,507642,507642,140449.49658915,419195.381204429,140449.49658915,419195.381204429,0.488299,503621,706667,227540000
1989,23,539481,539481,143732.1124643,469291.143909761,143732.1124643,469291.143909761,0.662672,171912,709388,104033000
1990,23,370806,370806,118560.54633975,373262.617993099,118560.54633975,373262.617993099,0.769115,281769,641897,143734000
1991,23,489379,489379,155714.1869592,457186.86803051,155714.1869592,457186.86803051,0.561445,340828,883878,235966000
1992,23,678507,678507,177641.6784821,475381.458166554,177641.6784821,475381.458166554,0.541775,282078,1160280,52025700
1993,23,292075,292075,135596.0388577,360317.275704196,135596.0388577,360317.275704196,0.483928,438452,687659,183723000
1994,23,283720,283720,165183.9675697,425986.518944864,165183.9675697,425986.518944864,0.514964,245562,778521,243182000
1995,23,493912,493912,220697.5972623,558851.970413035,220697.5972623,558851.970413035,0.363059,400053,1399910,73927300
1996,23,472730,472730,192510.58767685,513978.004018163,192510.58767685,513978.004018163,0.664017,505926,777061,413608000
1997,23,551195,551195,290278.513616,670318.983259823,290278.513616,670318.983259823,0.365584,233307,1737530,78370600
1998,23,486734,486734,174830.0702885,453367.670950039,174830.0702885,453367.670950039,0.504959,735501,1099120,117129000
1999,23,469095,469095,107736.45968855,298029.741039664,107736.45968855,298029.741039664,0.936958,354729,664384,145385000
2000,23,353295,353295,122015.6608457,342770.260449149,122015.6608457,342770.260449149,0.567028,166056,625025,224812000
2001,23,685450,685450,133204.35175485,371544.615838407,133204.35175485,371544.615838407,0.995891,209858,729512,265691000
2002,23,647250,647250,159324.7024654,402368.90494217,159324.7024654,402368.90494217,0.515033,195227,988525,30337200
2003,23,236111,236111,58499.2502975,196738.171975873,58499.2502975,196738.171975873,0.787169,335895,452250,110933000
2004,23,266244,266244,52774.69285695,159822.662267691,52774.69285695,159822.662267691,0.889845,99894,367850,51913700
2005,23,145410,145410,53334.755355975,180889.545442403,53334.755355975,180889.545442403,0.951809,99856.5,280051,119281000
2006,23,265023,265023,65932.19204505,221779.164469241,65932.19204505,221779.164469241,0.892187,66391.8,406897,82552700
2007,23,114490,114490,83261.92250832,322850.83447014,83261.92250832,322850.83447014,0.580544,116411,347348,182881000
2008,23,245966,245966,96532.208136125,321996.409462154,96532.208136125,321996.409462154,0.651166,134317,657115,72208700
2009,23,298067,298067,105757.74448215,328975.719284311,105757.74448215,328975.719284311,0.860626,202507,432011,411514000
2010,23,325647,325647,210858.4028135,543847.497045173,210858.4028135,543847.497045173,0.323101,148689,1413110,39952300
2011,23,339262,339262,117572.2759777,398659.55534294,117572.2759777,398659.55534294,0.295402,612987,833304,53986800
2012,23,56754.3,56754.3,89219.86433835,337401.269338732,89219.86433835,337401.269338732,0.0803133,312637,475507,111673000
2013,23,235406,235406,63213.2912759,199984.007909754,63213.2912759,199984.007909754,0.911907,168272,405215,59987600
2014,23,92328.5,92328.5,52854.1911758,159439.640274818,52854.1911758,159439.640274818,0.616887,93791.6,244884,130125000
2015,23,188375,188375,71075.846296,199557.624674151,71075.846296,199557.624674151,0.815191,106091,463715,28608100
2016,23,22090.9,22090.9,71533.02469995,244117.856210983,71533.02469995,244117.856210983,0.0814581,169107,264504,199536000
2017,23,274609,274609,97120.0499023,261743.691562497,97120.0499023,261743.691562497,0.589164,117161,630089,18659100
2018,23,148005,148005,41900.0430577,116712.934391756,41900.0430577,116712.934391756,0.639726,211973,292254,73030000
2019,23,69622.1,69622.1,56610.70225695,139580.976723719,56610.70225695,139580.976723719,0.258528,73146.2,225392,191706000
1974,24,732535,732535,187900.057503,1691907.39039942,187900.057503,1691907.39039942,1.52524,285253,1102380,281818000
1975,24,508262,508262,204892.0074867,1995489.62508009,204892.0074867,1995489.62508009,1.05535,282147,885983,406571000
1976,24,472608,472608,205600.203626,1917643.4379381,205600.203626,1917643.4379381,0.946803,347556,1160260,303265000
1977,24,383967,383967,159813.876251,1384557.4655934,159813.876251,1384557.4655934,0.672055,347807,1017140,160165000
1978,24,253756,253756,130862.97756,1006001.11861233,130862.97756,1006001.11861233,0.756842,305706,665483,194290000
1979,24,339898,339898,175925.95514,1268652.05323989,175925.95514,1268652.05323989,0.868436,259413,829142,236586000
1980,24,534650,534650,161811.197514,1215671.65611417,161811.197514,1215671.65611417,1.00645,379385,1054450,122120000
1981,24,431928,431928,100593.95734,991882.826108275,100593.95734,991882.826108275,0.607971,290587,544274,180664000
1982,24,390197,390197,125538.22839,1110723.13307237,125538.22839,1110723.13307237,0.751248,167281,570316,208459000
1983,24,475746,475746,127488.191775,970069.482662994,127488.191775,970069.482662994,0.984599,242959,735494,144256000
1984,24,376484,376484,103360.081216,796036.502171062,103360.081216,796036.502171062,1.21964,246977,627104,111458000
1985,24,227635,227635,64529.227444,592500.796345176,64529.227444,592500.796345176,1.42014,172195,412427,95644600
1986,24,180330,180330,66800.566753,660247.842536574,66800.566753,660247.842536574,0.757354,89261.6,289938,132470000
1987,24,148927,148927,54035.87777,473480.69135654,54035.87777,473480.69135654,1.16549,122704,396930,43044800
1988,24,109219,109219,39839.99361,382978.95837777,39839.99361,382978.95837777,0.541686,82953.4,145935,88766400
1989,24,166742,166742,57293.80769,485693.890785501,57293.80769,485693.890785501,0.7226,75803,262002,86147600
1990,24,138841,138841,65116.002901,516591.438528467,65116.002901,516591.438528467,0.792192,122777,298486,101419000
1991,24,189819,189819,80628.302059,602621.152043638,80628.302059,602621.152043638,1.18066,135879,372087,125102000
1992,24,302275,302275,85687.543524,619133.504828152,85687.543524,619133.504828152,0.667456,159539,460165,83108200
1993,24,181098,181098,55328.06216,415364.2445156,55328.06216,415364.2445156,1.15533,209679,365850,63876800
1994,24,183618,183618,74599.44954,576994.188544889,74599.44954,576994.188544889,0.877276,89055.3,220394,159384000
1995,24,231894,231894,106642.22105,815686.204585115,106642.22105,815686.204585115,0.497465,160767,586079,82393200
1996,24,156224,156224,83611.95563,619009.165394971,83611.95563,619009.165394971,0.526739,256805,416699,118812000
1997,24,156781,156781,85424.96774,542973.859293353,85424.96774,542973.859293353,0.525075,173765,500731,34362100
1998,24,73980.5,73980.5,54207.21311,421876.341282236,54207.21311,421876.341282236,0.391286,211412,292298,67591300
1999,24,92388.1,92388.1,61111.86854,444597.884036031,61111.86854,444597.884036031,0.547631,106619,259250,93512000
2000,24,185103,185103,75782.16524,493433.592717406,75782.16524,493433.592717406,0.542031,140465,408183,48754400
2001,24,64358.3,64358.3,56104.97217,507110.63572606,56104.97217,507110.63572606,0.164326,194652,302772,71836100
2002,24,77138.2,77138.2,38234.78987,375299.022959828,38234.78987,375299.022959828,0.400919,114478,254661,41081200
2003,24,24569.2,24569.2,21696.453656,199461.759624417,21696.453656,199461.759624417,0.375381,62815.1,140169,19101600
2004,24,13487.8,13487.8,15067.518527,162710.896706122,15067.518527,162710.896706122,0.232196,39014.5,77681,24952600
2005,24,41.44,41.44,22076.553528,226046.164705472,22076.553528,226046.164705472,0,24545,71146.4,49409600
2006,24,46529,46529,30696.907899,284082.011471812,30696.907899,284082.011471812,0.359379,48276.6,159863,36811500
2007,24,5799.45,5799.45,31888.001463,306590.332731498,31888.001463,306590.332731498,0,62688.8,139819,51196400
2008,24,34843.6,34843.6,46346.4716,416331.42347761,46346.4716,416331.42347761,0.2028,76084.7,182828,79639600
2009,24,45821.5,45821.5,68382.99316,500470.267947115,68382.99316,500470.267947115,0.244406,102700,286420,88124600
2010,24,131191,131191,70334.0174,463904.366267102,70334.0174,463904.366267102,0.52564,180473,429199,22458400
2011,24,6839.87,6839.87,35823.42475,349627.162130416,35823.42475,349627.162130416,0.0222868,153852,205839,45989400
2012,24,26946.1,26946.1,42121.401,439866.71592224,42121.401,439866.71592224,0.0270732,72460.8,155248,90745300
2013,24,82179.4,82179.4,45700.336429,402752.388461918,45700.336429,402752.388461918,0.330194,83600.8,278288,32122500
2014,24,44189.1,44189.1,49143.795416,458466.903776721,49143.795416,458466.903776721,0.305323,94685,162456,106817000
2015,24,57351.2,57351.2,69447.99638,571448.631012716,69447.99638,571448.631012716,0.358556,93184.7,352204,61180200
2016,24,60202.7,60202.7,55094.797181,547361.708159854,55094.797181,547361.708159854,0.378556,158819,288565,87521700
2017,24,33940.9,33940.9,48248.48559,447167.756958092,48248.48559,447167.756958092,0.184562,89062.1,270936,42643000
2018,24,36151.5,36151.5,51063.203269,512352.491728772,51063.203269,512352.491728772,0.272531,100520,184124,112107000
2019,24,97554.6,97554.6,102703.014539,727570.043496923,102703.014539,727570.043496923,0.444525,93055.5,348654,161613000
1974,25,354208,322329,336773.39246,2161117.25383334,306463.7871386,1966616.70098834,0.406766,524382,954780,384130000
1975,25,806769,734160,502473.365565,3404646.3401631,457250.76266415,3098228.16954842,0.988489,613415,1063380,820747000
1976,25,679972,618775,283702.7913,1929022.38206934,258169.540083,1755410.3676831,0.913549,749483,1602680,300116000
1977,25,345286,314210,258305.7154865,1471800.95638578,235058.201092715,1339338.87031106,0.782926,402394,675897,388697000
1978,25,462129,420538,359065.238145,1972771.91823616,326749.36671195,1795222.44559491,0.656265,355130,739683,710813000
1979,25,469921,427628,301886.49852,1768755.10389874,274716.7136532,1609567.14454786,0.388476,535238,1045590,290698000
1980,25,413620,376395,158452.60705,1062069.54494839,144191.8724155,966483.285903038,1.1244,621323,860213,152896000
1981,25,291266,265052,61451.562002,425324.12196049,55920.92142182,387044.950984046,0.644919,162690,281899,59233500
1982,25,189095,172077,41700.800515,254267.395165469,37947.72846865,231383.329600577,0.581384,99623.3,162788,39438800
1983,25,80941,73656.3,65819.975041,354669.848994947,59896.17728731,322749.562585402,1.31009,138742,249526,71241800
1984,25,104337,94947,52431.8128865,329552.291974767,47712.949726715,299892.585697038,0.711701,94402.5,198228,50875100
1985,25,69432.2,63183.3,42317.0559235,236193.335164849,38508.520890385,214935.935000013,0.823342,154772,279212,31331400
1986,25,30003.3,27303,47727.49489,396088.716982578,43432.0203499,360440.732454146,1.11168,71922.5,128935,90963900
1987,25,46373.5,42199.9,51132.19665955,315715.745896893,46530.2989601905,287301.328766173,0.290163,134983,309424,35769400
1988,25,74626.2,67909.8,41883.634219,295599.944636799,38114.10713929,268995.949619487,1.00717,137147,216220,50654800
1989,25,74956.5,68210.4,47323.434834,411990.446289923,43064.32569894,374911.30612383,0.345331,67725.5,136239,102205000
1990,25,83011.5,75540.4,65207.0339435,503806.933335773,59338.400888585,458464.309335553,0.915523,138005,288048,92153500
1991,25,118053,107428,69932.948737,355314.352492434,63638.98335067,323336.060768115,0.766561,99742.9,198425,60312400
1992,25,133348,121346,71095.8715735,452545.062613055,64697.243131885,411816.00697788,0.321656,88336,170273,88595700
1993,25,201199,183091,113350.3595035,667121.799451009,103148.827148185,607080.837500418,0.864259,117285,207775,165504000
1994,25,402641,366404,109902.166727,581882.050308861,100010.97172157,529512.665781064,0.385895,140163,279717,111856000
1995,25,415810,378387,57250.792974,294981.417906821,52098.22160634,268433.090295208,1.00982,215631,349967,35110200
1996,25,153713,139879,38992.78558,189472.027519587,35483.4348778,172419.545042824,0.92399,126434,196321,35112200
1997,25,119875,109087,39771.569745,206265.412021175,36192.12846795,187701.524939269,0.698172,66115.8,127835,43624000
1998,25,157740,143543,71191.233602,341987.980473844,64784.02257782,311209.062231198,1.16066,135961,243641,98081800
1999,25,221064,201168,61171.253156,353048.876243281,55665.84037196,321274.477381386,0.649523,110597,234825,67148700
2000,25,226525,206138,65833.235481,306431.363120063,59908.24428771,278852.540439257,0.837214,114865,189177,52442500
2001,25,218622,198946,51781.831976,291954.734967496,47121.46709816,265678.808820421,1.09456,110855,190872,58327600
2002,25,154880,140941,64202.358731,268033.982408354,58424.14644521,243910.923991602,1.09607,166918,327161,52759100
2003,25,181541,165203,56356.281543,308357.798040212,51284.21620413,280605.596216593,0.877469,87099.9,162880,67377700
2004,25,114471,104169,121426.1122202,639622.578058471,110497.762120382,582056.546033208,0.989439,157421,311171,171602000
2005,25,242173,222799,78340.2366305,399154.177732239,72073.01770006,367221.84351366,0.639929,156860,332584,54572300
2006,25,127796,117572,57425.244697,338317.830464458,52831.22512124,311252.404027302,1.13991,179430,289049,62058300
2007,25,98037.7,91175.1,58528.7465605,296509.240517034,54431.734301265,275753.593680841,0.842948,142836,280989,53319000
2008,25,61255.9,56968,84810.8252595,492548.936385504,78874.067491335,458070.510838519,0.667471,81408.3,146682,127653000
2009,25,141182,132711,120390.27196,642169.905466933,113166.8556424,603639.711138917,0.487991,249251,535332,122348000
2010,25,158496,148986,108344.04158,621771.962136621,101843.3990852,584465.644408423,0.496415,222895,380391,133220000
2011,25,152271,144657,79861.04095,567449.340693785,75867.9889025,539076.873659096,0.508186,235846,427841,98314000
2012,25,95535.8,90759,78301.257575,436796.207162646,74386.19469625,414956.396804514,0.570268,243688,414552,62053400
2013,25,64121.6,60915.5,94158.989257,669495.580642911,89451.03979415,636020.801610766,0.812668,91530.3,161646,200184000
2014,25,127615,122511,200255.730775,779107.977207353,192245.501544,747943.658119058,0.162,373605,820375,155932000
2015,25,290620,278995,152498.181533,713887.436419156,146398.25427168,685331.93896239,0.717373,412299,695584,108317000
2016,25,223289,214357,75333.803414,496500.4858704,72320.45127744,476640.466435584,1.33558,224075,350666,128717000
2017,25,114152,110727,88503.014041,557704.2865982,85847.92361977,540973.158000254,0.612577,104486,210682,189218000
2018,25,161896,157039,108653.877937,628832.270726518,105394.26159889,609967.302604722,0.637022,185302,356140,184067000
2019,25,125053,121301,143923.511465,662818.097805203,139605.80612105,642933.554871047,0.357257,224659,405410,234157000
1974,26,157490,157490,34450.71551,0,34450.71551,0,0.470189,298364,432316,822216
1975,26,195250,195250,36602.9108035,0,36602.9108035,0,0.553468,310180,479027,653237
1976,26,166919,166919,37080.7844345,0,37080.7844345,0,0.440904,314949,463379,960086
1977,26,176698,176698,36623.08900325,0,36623.08900325,0,0.475126,321630,465266,815808
1978,26,159632,159632,36937.9711645,0,36937.9711645,0,0.42201,317570,459282,863042
1979,26,213301,213301,34806.95241175,0,34806.95241175,0,0.637898,313993,468255,1122130
1980,26,171853,171853,34200.0117095,0,34200.0117095,0,0.508124,298534,437055,1028580
1981,26,174253,174253,32819.0911625,0,32819.0911625,0,0.52509,284509,414619,2127290
1982,26,205256,205256,36772.6779075,0,36772.6779075,0,0.56779,280037,473960,1459250
1983,26,220273,220273,40655.3304115,0,40655.3304115,0,0.54306,329977,526304,1390970
1984,26,236610,236610,42781.72605075,0,42781.72605075,0,0.560996,347961,556486,1891390
1985,26,232402,232402,47647.155269,0,47647.155269,0,0.504564,369410,583103,4739490
1986,26,308876,308876,56744.80764825,0,56744.80764825,0,0.621056,405052,743083,2155610
1987,26,359282,359282,56744.21946075,0,56744.21946075,0,0.63662,466146,764141,2080170
1988,26,324986,324986,49274.28149825,0,49274.28149825,0,0.672303,409930,678487,1409380
1989,26,286666,286666,44911.4786075,0,44911.4786075,0,0.604876,424467,606122,1129840
1990,26,240671,240671,41183.9967485,0,41183.9967485,0,0.527054,378928,533260,1021470
1991,26,238215,238215,38733.017652,0,38733.017652,0,0.624962,369872,521634,866929
1992,26,193772,193772,32202.45971325,0,32202.45971325,0,0.666077,314332,441832,547448
1993,26,163530,163530,27698.10908675,0,27698.10908675,0,0.641936,271867,377029,533245
1994,26,145716,145716,23545.71480675,0,23545.71480675,0,0.65738,225962,317727,898605
1995,26,131181,131181,23235.89621025,0,23235.89621025,0,0.614812,206932,304615,899707
1996,26,143445,143445,22109.01468825,0,22109.01468825,0,0.725759,186491,287788,2450630
1997,26,193112,193112,23857.91285425,0,23857.91285425,0,0.883373,173099,330932,932517
1998,26,183573,183573,23317.6487145,0,23317.6487145,0,0.745784,186900,319417,821158
1999,26,160706,160706,22075.36027,0,22075.36027,0,0.779071,178660,306425,969485
2000,26,135074,135074,21823.050841,0,21823.050841,0,0.599841,179573,284178,625111
2001,26,193207,193207,22935.41138005,0,22935.41138005,0,0.760529,197808,311009,1720550
2002,26,134260,134260,22833.07569905,0,22833.07569905,0,0.77232,167673,310007,551348
2003,26,154019,154019,22196.91451685,0,22196.91451685,0,0.787612,183520,306308,1148850
2004,26,127979,127979,22323.44061365,0,22323.44061365,0,0.619187,157663,290445,727603
2005,26,119045,119045,21534.263502125,0,21534.263502125,0,0.64741,180527,285583,722953
2006,26,131304,131304,22500.39936325,0,22500.39936325,0,0.63447,181654,295381,1114430
2007,26,100965,100965,21414.701123,0,21414.701123,0,0.572475,164478,273055,952727
2008,26,105331,105331,24876.130861,0,24876.130861,0,0.497911,190739,310936,889071
2009,26,108260,108260,29123.0231745,0,29123.0231745,0,0.440547,224435,357209,1125170
2010,26,116903,116903,32689.203825,0,32689.203825,0,0.451813,265421,401956,1361740
2011,26,118084,118084,31309.4982275,0,31309.4982275,0,0.449702,253741,386773,1121240
2012,26,141936,141936,32023.70935875,0,32023.70935875,0,0.462234,254060,395771,1206970
2013,26,126254,126254,34737.6287245,0,34737.6287245,0,0.420577,279465,423626,1310200
2014,26,133627,133627,37478.17116275,0,37478.17116275,0,0.418726,310619,461699,731485
2015,26,134459,134459,29361.73077,0,29361.73077,0,0.44821,284610,369771,844718
2016,26,136948,136948,27632.8066625,0,27632.8066625,0,0.511526,272801,352414,1324460
2017,26,114291,114291,27708.36071,0,27708.36071,0,0.386817,252753,336840,800846
2018,26,105774,105774,26696.2456551525,0,26696.2456551525,0,0.387573,228285,312634,2363260
2019,26,86091.8,86091.8,29781.7035425,0,29781.7035425,0,0.258831,231878,340598,1039900
1974,27,17985.6,17985.6,4812.9581524625,0,4812.9581524625,0,0.458787,40996.4,59468.8,49149.8
1975,27,20769.5,20769.5,4686.1488396825,0,4686.1488396825,0,0.466149,43210.2,58406.1,111011
1976,27,17322.2,17322.2,4262.460031367,0,4262.460031367,0,0.435251,42834,52524.9,138258
1977,27,18000.7,18000.7,4440.35162816,0,4440.35162816,0,0.394471,35067.9,53689.9,51196.9
1978,27,20275.7,20275.7,4566.48545489725,0,4566.48545489725,0,0.484369,39997.4,58214.5,14962.7
1979,27,22594.9,22594.9,4176.9364596225,0,4176.9364596225,0,0.476893,45966.9,53115.4,151822
1980,27,15803.2,15803.2,3553.198996359,0,3553.198996359,0,0.481813,36200.1,43850.1,162387
1981,27,15399.8,15399.8,4304.9961772375,0,4304.9961772375,0,0.480202,25079.3,50667.7,146964
1982,27,21574.5,21574.5,4814.7565179535,0,4814.7565179535,0,0.541992,34147.6,59269.4,149827
1983,27,24924.2,24924.2,5311.685050564,0,5311.685050564,0,0.509372,42172.1,66965.5,77107.8
1984,27,26836.7,26836.7,5037.10161021575,0,5037.10161021575,0,0.584746,45346.6,66127.4,92671.5
1985,27,24245.4,24245.4,4237.82766470125,0,4237.82766470125,0,0.550201,41861.7,54676.6,143116
1986,27,18197.7,18197.7,4116.074911,0,4116.074911,0,0.608472,36278.6,53668.5,66932.7
1987,27,17365.1,17365.1,4619.9661292185,0,4619.9661292185,0,0.497234,29948.9,52052,509352
1988,27,21586.8,21586.8,5738.7589484182,0,5738.7589484182,0,0.497792,36517.5,68388.5,115785
1989,27,21801.5,21801.5,8319.626887933,0,8319.626887933,0,0.407871,32570.7,96259.3,235016
1990,27,35118.1,35118.1,9449.249575432,0,9449.249575432,0,0.428961,91213.4,117114,83112.1
1991,27,33511.2,33511.2,8902.1416628735,0,8902.1416628735,0,0.4723,77740,109387,422911
1992,27,29338.8,29338.8,8786.1754581975,0,8786.1754581975,0,0.45672,78286.8,109376,86102.5
1993,27,31489.1,31489.1,8335.844792918,0,8335.844792918,0,0.509427,54648.7,104590,61468.5
1994,27,33000,33000,6848.8387592,0,6848.8387592,0,0.54906,76940.1,90272.1,103593
1995,27,30466.3,30466.3,5544.44021157,0,5544.44021157,0,0.504195,59770.3,72532.6,62349.3
1996,27,22648.1,22648.1,4237.04498119415,0,4237.04498119415,0,0.727876,40757.2,56598.1,260101
1997,27,14899.4,14899.4,3971.63237043675,0,3971.63237043675,0,0.617313,29159.3,49375.2,118051
1998,27,20864.9,20864.9,4658.822149551,0,4658.822149551,0,0.653436,21846.9,58126.9,91881
1999,27,23473.2,23473.2,4426.61349193975,0,4426.61349193975,0,0.581976,38971.5,56348.1,124158
2000,27,22639.1,22639.1,3950.6601627186,0,3950.6601627186,0,0.646773,35682.4,52356.2,67035
2001,27,19941.8,19941.8,3809.2448625625,0,3809.2448625625,0,0.539214,28612.7,46841.5,183413
2002,27,18659.3,18659.3,3860.64537858803,0,3860.64537858803,0,0.535832,31162.7,48094.2,85473.2
2003,27,19285.6,19285.6,4250.16951173245,0,4250.16951173245,0,0.528228,26234,52915,45513.6
2004,27,20941.8,20941.8,3811.1609022375,0,3811.1609022375,0,0.521084,36964.7,49021.7,50302.1
2005,27,17696.1,17696.1,3127.22954828755,0,3127.22954828755,0,0.556302,31369.6,39530.8,184886
2006,27,13588.3,13588.3,3216.972537672,0,3216.972537672,0,0.4742,24019.2,39095.5,73835.2
2007,27,15504.8,15504.8,3764.36988396132,0,3764.36988396132,0,0.478311,17737.1,45034.8,72049.3
2008,27,14615.1,14615.1,3875.1238964509,0,3875.1238964509,0,0.409045,33739.7,46789.2,89798.5
2009,27,15213.9,15213.9,3700.49701659793,0,3700.49701659793,0,0.471978,31950.6,44901,185956
2010,27,14850.2,14850.2,4130.17205877613,0,4130.17205877613,0,0.529118,29284.5,49454.5,228595
2011,27,13188.5,13188.5,4919.901422226,0,4919.901422226,0,0.460646,25635,58656.7,58442.5
2012,27,14694.8,14694.8,3438.2948856,0,3438.2948856,0,0.519085,30619.6,43236.7,105061
2013,27,15958.1,15958.1,3499.151728575,0,3499.151728575,0,0.467555,36586.9,43343.1,155897
2014,27,14639.6,14639.6,3374.6949497,0,3374.6949497,0,0.442928,31399.8,41688.9,112239
2015,27,14590.4,14590.4,3884.256362267,0,3884.256362267,0,0.402294,29180.7,46561.5,68215.4
2016,27,15323.4,15323.4,3383.46226470675,0,3383.46226470675,0,0.453343,34903.9,41933.9,138591
2017,27,13573.9,13573.9,3126.149594949,0,3126.149594949,0,0.408494,31016,38060.2,112238
2018,27,12265.7,12265.7,3940.18911177875,0,3940.18911177875,0,0.351365,27489.2,40141.5,659432
2019,27,10605.2,10605.2,4535.65412108,0,4535.65412108,0,0.299533,27856,51914.8,26470.8
