"Year","Species.n","Age","M2"
1974,16,0,1.47611381003567
1974,18,0,0.88811448120328
1974,21,0,0.690073685472997
1974,20,0,0
1974,22,0,1.16390607509705
1974,24,0,1.05484358483445
1974,26,0,0
1974,23,0,0.355095513048258
1974,19,0,0
1974,27,0,0
1974,25,0,0.582439479828429
1974,17,0,0.940983758696657
1975,16,0,1.50935013561728
1975,18,0,0.949870696672476
1975,21,0,0.73047785895691
1975,20,0,0
1975,22,0,0.96883462629973
1975,24,0,1.14457987322642
1975,26,0,0
1975,23,0,0.357664834792474
1975,19,0,0
1975,27,0,0
1975,25,0,0.627879788904767
1975,17,0,0.969597844328858
1976,16,0,1.85983875789456
1976,18,0,1.18087021872763
1976,21,0,0.686468310838857
1976,20,0,0
1976,22,0,0.809357668706492
1976,24,0,1.04779627907236
1976,26,0,0
1976,23,0,0.3755004548302
1976,19,0,0
1976,27,0,0
1976,25,0,0.901599372651641
1976,17,0,1.14074461911897
1977,16,0,1.89040155563084
1977,18,0,1.21522318921695
1977,21,0,0.628868543160366
1977,20,0,0
1977,22,0,0.764558713880516
1977,24,0,1.03923434631118
1977,26,0,0
1977,23,0,0.319682342868762
1977,19,0,0
1977,27,0,0
1977,25,0,0.530250262621734
1977,17,0,1.01751774332686
1978,16,0,1.99719037836725
1978,18,0,1.02972463502083
1978,21,0,0.510581769237112
1978,20,0,0
1978,22,0,0.713862879576753
1978,24,0,0.765442144151616
1978,26,0,0
1978,23,0,0.260448979397858
1978,19,0,0
1978,27,0,0
1978,25,0,0.552515949183863
1978,17,0,1.090264597058
1979,16,0,1.53401457893515
1979,18,0,1.07483057076769
1979,21,0,0.568158817329181
1979,20,0,0
1979,22,0,0.852108708630042
1979,24,0,0.790881330506573
1979,26,0,0
1979,23,0,0.287732903827851
1979,19,0,0
1979,27,0,0
1979,25,0,0.709776529627195
1979,17,0,0.867157249404461
1980,16,0,2.24062312720765
1980,18,0,1.40975504752773
1980,21,0,0.736978903938711
1980,20,0,0
1980,22,0,1.00673740994019
1980,24,0,1.11106531496397
1980,26,0,0
1980,23,0,0.3421018700487
1980,19,0,0
1980,27,0,0
1980,25,0,0.856643756092474
1980,17,0,1.34152491013181
1981,16,0,2.35093803552127
1981,18,0,1.37562620178737
1981,21,0,0.70403612391587
1981,20,0,0
1981,22,0,1.00591912408456
1981,24,0,1.04710623021429
1981,26,0,0
1981,23,0,0.367374213882393
1981,19,0,0
1981,27,0,0
1981,25,0,0.77332686080244
1981,17,0,1.40292971670029
1982,16,0,2.03310222524529
1982,18,0,1.31740091315344
1982,21,0,0.761679225115043
1982,20,0,0
1982,22,0,1.05222594910154
1982,24,0,0.996021824621632
1982,26,0,0
1982,23,0,0.380030959652693
1982,19,0,0
1982,27,0,0
1982,25,0,0.713225222605621
1982,17,0,1.37627232072877
1983,16,0,1.65354324821172
1983,18,0,1.0588073366466
1983,21,0,0.712720886614297
1983,20,0,0
1983,22,0,0.928396404554965
1983,24,0,0.879471736676469
1983,26,0,0
1983,23,0,0.359589744563144
1983,19,0,0
1983,27,0,0
1983,25,0,0.630618292946994
1983,17,0,1.12082005942146
1984,16,0,2.28897076429485
1984,18,0,1.37378150117407
1984,21,0,0.799353040068775
1984,20,0,0
1984,22,0,0.733525799904412
1984,24,0,1.08188748546722
1984,26,0,0
1984,23,0,0.408248119675248
1984,19,0,0
1984,27,0,0
1984,25,0,0.835882395555907
1984,17,0,1.46358226827756
1985,16,0,1.57455886537976
1985,18,0,1.29184190480092
1985,21,0,0.768925138343058
1985,20,0,0
1985,22,0,0.611670918886385
1985,24,0,1.09345509818246
1985,26,0,0
1985,23,0,0.385594407272356
1985,19,0,0
1985,27,0,0
1985,25,0,0.878675331667017
1985,17,0,1.1323095597486
1986,16,0,1.84838587081404
1986,18,0,1.31835321477548
1986,21,0,0.747745460912335
1986,20,0,0
1986,22,0,0.950403692913965
1986,24,0,1.12083213059323
1986,26,0,0
1986,23,0,0.418756310253819
1986,19,0,0
1986,27,0,0
1986,25,0,0.936481749415543
1986,17,0,1.19138725686781
1987,16,0,1.92869907923585
1987,18,0,1.28292943548704
1987,21,0,0.90076355563025
1987,20,0,0
1987,22,0,0.846999901900234
1987,24,0,1.46581330201044
1987,26,0,0
1987,23,0,0.525304112491391
1987,19,0,0
1987,27,0,0
1987,25,0,0.93075584747258
1987,17,0,1.43739419792592
1988,16,0,1.38250492863507
1988,18,0,1.07749855872425
1988,21,0,0.824194318093749
1988,20,0,0
1988,22,0,1.05778034093699
1988,24,0,1.12286933535557
1988,26,0,0
1988,23,0,0.447901529771016
1988,19,0,0
1988,27,0,0
1988,25,0,1.0447970320852
1988,17,0,1.04367315930948
1989,16,0,1.60703588222971
1989,18,0,1.18996190176491
1989,21,0,0.865977641077034
1989,20,0,0
1989,22,0,0.846738663129794
1989,24,0,1.1466383632667
1989,26,0,0
1989,23,0,0.437675501603661
1989,19,0,0
1989,27,0,0
1989,25,0,1.0719099592733
1989,17,0,1.44481288497861
1990,16,0,1.85336799050468
1990,18,0,1.23253102918604
1990,21,0,0.825222651852745
1990,20,0,0
1990,22,0,0.855408276549811
1990,24,0,1.00767229779371
1990,26,0,0
1990,23,0,0.423634401655339
1990,19,0,0
1990,27,0,0
1990,25,0,0.91774053910537
1990,17,0,1.37629220485123
1991,16,0,1.69482396511532
1991,18,0,1.0683148840508
1991,21,0,0.839869962252711
1991,20,0,0
1991,22,0,1.23314085616604
1991,24,0,0.97329638392944
1991,26,0,0
1991,23,0,0.446249071781055
1991,19,0,0
1991,27,0,0
1991,25,0,0.637268575393188
1991,17,0,1.27717209680888
1992,16,0,1.82395617711063
1992,18,0,1.00155001257435
1992,21,0,0.742705148842388
1992,20,0,0
1992,22,0,0.852000269319896
1992,24,0,1.22791632806502
1992,26,0,0
1992,23,0,0.426585511710592
1992,19,0,0
1992,27,0,0
1992,25,0,0.685849153134573
1992,17,0,1.30778555142711
1993,16,0,1.68220315918038
1993,18,0,0.88953906474075
1993,21,0,0.681434825808003
1993,20,0,0
1993,22,0,1.25234025644738
1993,24,0,1.11780737395929
1993,26,0,0
1993,23,0,0.36502460468851
1993,19,0,0
1993,27,0,0
1993,25,0,0.620650103627222
1993,17,0,1.33972316653955
1994,16,0,1.76053357234358
1994,18,0,0.894574478177374
1994,21,0,0.65427638077272
1994,20,0,0
1994,22,0,1.15557022747251
1994,24,0,0.867646178216137
1994,26,0,0
1994,23,0,0.336523639483305
1994,19,0,0
1994,27,0,0
1994,25,0,0.570510539664164
1994,17,0,1.2122516631708
1995,16,0,1.97680153234618
1995,18,0,1.25550105476114
1995,21,0,0.811316165842857
1995,20,0,0
1995,22,0,1.02343525445861
1995,24,0,1.20490768637592
1995,26,0,0
1995,23,0,0.418804055023976
1995,19,0,0
1995,27,0,0
1995,25,0,0.917996166247046
1995,17,0,1.50104298900162
1996,16,0,1.69092192884949
1996,18,0,1.03291937828385
1996,21,0,0.687212249718029
1996,20,0,0
1996,22,0,0.797218293276127
1996,24,0,0.853161353804886
1996,26,0,0
1996,23,0,0.347585676048219
1996,19,0,0
1996,27,0,0
1996,25,0,0.618915964171945
1996,17,0,1.46551226004549
1997,16,0,2.32569014665968
1997,18,0,1.15872102746107
1997,21,0,0.780101098371364
1997,20,0,0
1997,22,0,1.0820866329736
1997,24,0,1.01310154801571
1997,26,0,0
1997,23,0,0.39926749407174
1997,19,0,0
1997,27,0,0
1997,25,0,0.773217501909185
1997,17,0,1.57368258835966
1998,16,0,2.21890747943353
1998,18,0,1.16969506950311
1998,21,0,0.773052691615888
1998,20,0,0
1998,22,0,0.92695436495073
1998,24,0,1.05657129179471
1998,26,0,0
1998,23,0,0.420655486448976
1998,19,0,0
1998,27,0,0
1998,25,0,0.664280888768777
1998,17,0,1.50017810763472
1999,16,0,2.22722994415833
1999,18,0,0.714078360469241
1999,21,0,0.691000507820864
1999,20,0,0
1999,22,0,0.493743372665714
1999,24,0,0.812322266487214
1999,26,0,0
1999,23,0,0.371578615286618
1999,19,0,0
1999,27,0,0
1999,25,0,0.714167354242406
1999,17,0,1.50198699515752
2000,16,0,2.14914433496361
2000,18,0,1.09729578485442
2000,21,0,0.736316391478037
2000,20,0,0
2000,22,0,1.0246563629007
2000,24,0,1.07344050025165
2000,26,0,0
2000,23,0,0.387982775668497
2000,19,0,0
2000,27,0,0
2000,25,0,0.568516909124335
2000,17,0,1.5224965167199
2001,16,0,2.25208489370439
2001,18,0,1.3065192687949
2001,21,0,0.699229174800408
2001,20,0,0
2001,22,0,0.930890947400036
2001,24,0,1.21012651068903
2001,26,0,0
2001,23,0,0.377314795218635
2001,19,0,0
2001,27,0,0
2001,25,0,0.728241523846265
2001,17,0,1.52545307258158
2002,16,0,2.56633958411189
2002,18,0,1.31778497717907
2002,21,0,0.775046324613274
2002,20,0,0
2002,22,0,0.971258051926193
2002,24,0,1.23825527552747
2002,26,0,0
2002,23,0,0.390057673359392
2002,19,0,0
2002,27,0,0
2002,25,0,0.60301066537178
2002,17,0,1.92168879516609
2003,16,0,2.56524099959755
2003,18,0,1.28043285096416
2003,21,0,0.840077892582848
2003,20,0,0
2003,22,0,0.925994151207667
2003,24,0,1.17798430120185
2003,26,0,0
2003,23,0,0.455917729052107
2003,19,0,0
2003,27,0,0
2003,25,0,0.664953658352495
2003,17,0,1.97152609701531
2004,16,0,2.47320961326758
2004,18,0,1.40769342257168
2004,21,0,0.761452619204468
2004,20,0,0
2004,22,0,0.898863902790028
2004,24,0,1.25057064089989
2004,26,0,0
2004,23,0,0.38212018083663
2004,19,0,0
2004,27,0,0
2004,25,0,0.624784914184423
2004,17,0,1.89992679415158
2005,16,0,2.42501556985053
2005,18,0,1.12208035876262
2005,21,0,0.812827159563349
2005,20,0,0
2005,22,0,1.17173923046479
2005,24,0,1.06961233085549
2005,26,0,0
2005,23,0,0.427359123332949
2005,19,0,0
2005,27,0,0
2005,25,0,0.620471606803389
2005,17,0,1.95175678928503
2006,16,0,2.56226081454483
2006,18,0,1.23361695026871
2006,21,0,0.868701484493535
2006,20,0,0
2006,22,0,0.95524761265628
2006,24,0,1.14641510746098
2006,26,0,0
2006,23,0,0.461740534679606
2006,19,0,0
2006,27,0,0
2006,25,0,0.780437438023538
2006,17,0,1.94363977096559
2007,16,0,2.62133626665305
2007,18,0,1.11861469241445
2007,21,0,0.893957607903902
2007,20,0,0
2007,22,0,0.949973855925654
2007,24,0,1.15889181959185
2007,26,0,0
2007,23,0,0.498616943013703
2007,19,0,0
2007,27,0,0
2007,25,0,0.785898121419055
2007,17,0,1.84899949090245
2008,16,0,2.64717860773534
2008,18,0,0.998760721610683
2008,21,0,0.86528249292233
2008,20,0,0
2008,22,0,0.908759563529949
2008,24,0,1.05406095322465
2008,26,0,0
2008,23,0,0.502597375411296
2008,19,0,0
2008,27,0,0
2008,25,0,0.603975015157536
2008,17,0,1.82820743151035
2009,16,0,2.13570196593707
2009,18,0,0.748409238273206
2009,21,0,0.743096851319824
2009,20,0,0
2009,22,0,0.713853287980389
2009,24,0,0.846446294817544
2009,26,0,0
2009,23,0,0.397789470343536
2009,19,0,0
2009,27,0,0
2009,25,0,0.753357187626998
2009,17,0,1.53673946612449
2010,16,0,2.59622898274609
2010,18,0,0.978387617934323
2010,21,0,0.7560386500573
2010,20,0,0
2010,22,0,0.89258690217283
2010,24,0,1.03894774512067
2010,26,0,0
2010,23,0,0.414968773034596
2010,19,0,0
2010,27,0,0
2010,25,0,0.784991453527997
2010,17,0,1.68013394318915
2011,16,0,3.03245404292646
2011,18,0,1.22223663300852
2011,21,0,0.973322090436641
2011,20,0,0
2011,22,0,0.998217733921737
2011,24,0,1.30175679728441
2011,26,0,0
2011,23,0,0.562186513271815
2011,19,0,0
2011,27,0,0
2011,25,0,1.04730656405105
2011,17,0,2.07043985083969
2012,16,0,2.80451347440195
2012,18,0,1.0258115503746
2012,21,0,0.950363767829688
2012,20,0,0
2012,22,0,0.833834475066822
2012,24,0,1.13072263915868
2012,26,0,0
2012,23,0,0.53879523960938
2012,19,0,0
2012,27,0,0
2012,25,0,0.723862243407819
2012,17,0,2.01539619426351
2013,16,0,2.67624357868379
2013,18,0,0.942853486882075
2013,21,0,0.727508320829206
2013,20,0,0
2013,22,0,0.705302493119455
2013,24,0,1.13549970114333
2013,26,0,0
2013,23,0,0.429649414192587
2013,19,0,0
2013,27,0,0
2013,25,0,0.78886926998598
2013,17,0,1.63505632703146
2014,16,0,2.83264348444647
2014,18,0,0.829162272104503
2014,21,0,0.706670204750824
2014,20,0,0
2014,22,0,0.761843734549699
2014,24,0,0.99311391244139
2014,26,0,0
2014,23,0,0.387097850375482
2014,19,0,0
2014,27,0,0
2014,25,0,0.455710385881834
2014,17,0,1.80366943623546
2015,16,0,3.01671817680308
2015,18,0,0.938259933782626
2015,21,0,0.812700311473635
2015,20,0,0
2015,22,0,0.737412980271798
2015,24,0,1.130783646331
2015,26,0,0
2015,23,0,0.457380814129134
2015,19,0,0
2015,27,0,0
2015,25,0,0.599499483027156
2015,17,0,1.94839499033227
2016,16,0,2.48151873626898
2016,18,0,0.96166355081605
2016,21,0,0.765741324149748
2016,20,0,0
2016,22,0,0.731753215758394
2016,24,0,1.14717065816337
2016,26,0,0
2016,23,0,0.429886197643629
2016,19,0,0
2016,27,0,0
2016,25,0,0.843071965559846
2016,17,0,1.57764884955156
2017,16,0,2.71160043727817
2017,18,0,0.936488113478292
2017,21,0,0.776023613048892
2017,20,0,0
2017,22,0,0.710745839279238
2017,24,0,1.21078232194032
2017,26,0,0
2017,23,0,0.408865014950408
2017,19,0,0
2017,27,0,0
2017,25,0,0.76659220657633
2017,17,0,1.82337519122215
2018,16,0,2.21962655968193
2018,18,0,0.900710558361518
2018,21,0,0.711416125743202
2018,20,0,0
2018,22,0,0.667301226882131
2018,24,0,1.05476612398335
2018,26,0,0
2018,23,0,0.37580158132279
2018,19,0,0
2018,27,0,0
2018,25,0,0.70386460472297
2018,17,0,1.52878739774583
2019,16,0,1.50933342299389
2019,18,0,0.587667764008863
2019,21,0,0.576462794930278
2019,20,0,0
2019,22,0,0.537841875571198
2019,24,0,0.742552177412091
2019,26,0,0
2019,23,0,0.298551213449979
2019,19,0,0
2019,27,0,0
2019,25,0,0.570587965557252
2019,17,0,1.03932677019901
1974,16,1,1.07325049852599
1974,18,1,1.28751973427606
1974,21,1,0.451604067163002
1974,20,1,0
1974,22,1,1.36175674256929
1974,24,1,1.95817505460452
1974,26,1,0
1974,23,1,0.64287532378711
1974,19,1,0
1974,27,1,0
1974,25,1,1.37363153896846
1974,17,1,1.31380125453405
1975,16,1,0.912806105167309
1975,18,1,1.02731387062138
1975,21,1,0.443392509455929
1975,20,1,0
1975,22,1,1.81931648844075
1975,24,1,1.91866372626811
1975,26,1,0
1975,23,1,0.631865871254153
1975,19,1,0
1975,27,1,0
1975,25,1,1.6003864821087
1975,17,1,1.06380711328863
1976,16,1,1.02154699159966
1976,18,1,1.08582545814747
1976,21,1,0.436153215286456
1976,20,1,0
1976,22,1,1.35030555214456
1976,24,1,2.02545405829433
1976,26,1,0
1976,23,1,0.595070211849048
1976,19,1,0
1976,27,1,0
1976,25,1,1.49656635799764
1976,17,1,1.32034758886957
1977,16,1,1.04552197402161
1977,18,1,1.18882806078228
1977,21,1,0.479588886472235
1977,20,1,0
1977,22,1,1.14475235127498
1977,24,1,1.84686725656495
1977,26,1,0
1977,23,1,0.611806744162522
1977,19,1,0
1977,27,1,0
1977,25,1,1.63709248736312
1977,17,1,1.3788671679016
1978,16,1,1.11466602392378
1978,18,1,1.38888184279045
1978,21,1,0.426468234333822
1978,20,1,0
1978,22,1,1.05863192754647
1978,24,1,1.84965763425438
1978,26,1,0
1978,23,1,0.513683087817147
1978,19,1,0
1978,27,1,0
1978,25,1,1.3354602006012
1978,17,1,1.36005333498209
1979,16,1,1.1058586644178
1979,18,1,1.27849265308315
1979,21,1,0.426439416806348
1979,20,1,0
1979,22,1,1.06605605303482
1979,24,1,1.55807585589976
1979,26,1,0
1979,23,1,0.438515167647575
1979,19,1,0
1979,27,1,0
1979,25,1,1.18719579680183
1979,17,1,1.00642664523418
1980,16,1,0.95886140129835
1980,18,1,1.00248917557431
1980,21,1,0.393022592391471
1980,20,1,0
1980,22,1,1.36314900249298
1980,24,1,1.62068876526722
1980,26,1,0
1980,23,1,0.501128296136796
1980,19,1,0
1980,27,1,0
1980,25,1,1.64677818517744
1980,17,1,1.09350084454285
1981,16,1,1.280048991001
1981,18,1,1.71090484936248
1981,21,1,0.644017425063552
1981,20,1,0
1981,22,1,1.48340911795799
1981,24,1,2.21915180458584
1981,26,1,0
1981,23,1,0.620817092421144
1981,19,1,0
1981,27,1,0
1981,25,1,1.56271092753633
1981,17,1,1.59958041213504
1982,16,1,1.14945939696531
1982,18,1,1.56509849687407
1982,21,1,0.479673760386869
1982,20,1,0
1982,22,1,1.33548175147427
1982,24,1,1.82404294322241
1982,26,1,0
1982,23,1,0.534708753602064
1982,19,1,0
1982,27,1,0
1982,25,1,1.33393274941283
1982,17,1,1.45411387326228
1983,16,1,1.13883589916841
1983,18,1,1.45933432843419
1983,21,1,0.48615149544233
1983,20,1,0
1983,22,1,1.13898817129084
1983,24,1,1.66069724427353
1983,26,1,0
1983,23,1,0.589719924216144
1983,19,1,0
1983,27,1,0
1983,25,1,1.05130678096262
1983,17,1,1.17099759400176
1984,16,1,1.01147646554861
1984,18,1,0.949078111272736
1984,21,1,0.467324595097359
1984,20,1,0
1984,22,1,1.17188878477999
1984,24,1,1.60659959147938
1984,26,1,0
1984,23,1,0.550355609403093
1984,19,1,0
1984,27,1,0
1984,25,1,1.15019989033973
1984,17,1,0.954509743699494
1985,16,1,1.18041090311776
1985,18,1,1.08622572939316
1985,21,1,0.539753544979286
1985,20,1,0
1985,22,1,1.03412102344773
1985,24,1,2.06975216230794
1985,26,1,0
1985,23,1,0.568011660508112
1985,19,1,0
1985,27,1,0
1985,25,1,1.16334206412656
1985,17,1,1.03885052224216
1986,16,1,0.956568961268428
1986,18,1,0.804943222233071
1986,21,1,0.516416567563605
1986,20,1,0
1986,22,1,1.03660116894268
1986,24,1,1.93274899507296
1986,26,1,0
1986,23,1,0.576450962688849
1986,19,1,0
1986,27,1,0
1986,25,1,1.53821182122922
1986,17,1,0.840171439620742
1987,16,1,0.975014187546454
1987,18,1,0.781427170054368
1987,21,1,0.393547387378042
1987,20,1,0
1987,22,1,1.06981437389366
1987,24,1,1.79213301345679
1987,26,1,0
1987,23,1,0.662686387173932
1987,19,1,0
1987,27,1,0
1987,25,1,1.15469712735436
1987,17,1,1.05397757322724
1988,16,1,1.06267699784465
1988,18,1,0.925801263800935
1988,21,1,0.481230358127945
1988,20,1,0
1988,22,1,1.2775357894393
1988,24,1,1.75896446784598
1988,26,1,0
1988,23,1,0.676583150572648
1988,19,1,0
1988,27,1,0
1988,25,1,1.18205970280211
1988,17,1,1.35532652403302
1989,16,1,0.948312073888742
1989,18,1,0.905652512611963
1989,21,1,0.394782655166858
1989,20,1,0
1989,22,1,0.997195478854892
1989,24,1,1.52913815707165
1989,26,1,0
1989,23,1,0.605719389652573
1989,19,1,0
1989,27,1,0
1989,25,1,1.33153150822
1989,17,1,1.13692503593505
1990,16,1,1.03951798148082
1990,18,1,0.902559275738184
1990,21,1,0.484122247455808
1990,20,1,0
1990,22,1,0.966237633020149
1990,24,1,1.49010033758395
1990,26,1,0
1990,23,1,0.61375235563663
1990,19,1,0
1990,27,1,0
1990,25,1,1.51502147445432
1990,17,1,1.16741939651231
1991,16,1,0.96515242574343
1991,18,1,0.783041878084285
1991,21,1,0.453154501586222
1991,20,1,0
1991,22,1,1.17715276260601
1991,24,1,1.4089308393372
1991,26,1,0
1991,23,1,0.6291656430457
1991,19,1,0
1991,27,1,0
1991,25,1,1.20763537388405
1991,17,1,0.984902361119811
1992,16,1,0.92088516672123
1992,18,1,0.931466813444248
1992,21,1,0.422334889568288
1992,20,1,0
1992,22,1,0.875697560491153
1992,24,1,1.29496692163774
1992,26,1,0
1992,23,1,0.530625292176533
1992,19,1,0
1992,27,1,0
1992,25,1,1.150540461405
1992,17,1,1.05331926364317
1993,16,1,0.96165134929014
1993,18,1,0.871631932146384
1993,21,1,0.403571385803167
1993,20,1,0
1993,22,1,1.20477329306093
1993,24,1,1.51792246266275
1993,26,1,0
1993,23,1,0.55926713876544
1993,19,1,0
1993,27,1,0
1993,25,1,1.22698868202244
1993,17,1,1.1394445361089
1994,16,1,0.965293892110814
1994,18,1,0.912741456930442
1994,21,1,0.436294218484993
1994,20,1,0
1994,22,1,0.953616181501162
1994,24,1,1.49736961632616
1994,26,1,0
1994,23,1,0.515196457308181
1994,19,1,0
1994,27,1,0
1994,25,1,1.12622893321672
1994,17,1,1.00094034618589
1995,16,1,0.946451240726089
1995,18,1,1.04198337129936
1995,21,1,0.408500400503176
1995,20,1,0
1995,22,1,1.17383174182859
1995,24,1,1.44809496785252
1995,26,1,0
1995,23,1,0.523594400907933
1995,19,1,0
1995,27,1,0
1995,25,1,1.21560801357667
1995,17,1,1.05880133657657
1996,16,1,1.06750845374131
1996,18,1,1.1848425648743
1996,21,1,0.457657927499668
1996,20,1,0
1996,22,1,1.09179851953327
1996,24,1,1.61852656283086
1996,26,1,0
1996,23,1,0.539781158805626
1996,19,1,0
1996,27,1,0
1996,25,1,1.09615870902639
1996,17,1,1.19053533305748
1997,16,1,0.904018053891477
1997,18,1,0.784471143590492
1997,21,1,0.351753267273982
1997,20,1,0
1997,22,1,1.02064467007287
1997,24,1,1.31207345244745
1997,26,1,0
1997,23,1,0.459849878075508
1997,19,1,0
1997,27,1,0
1997,25,1,0.706429251016952
1997,17,1,0.954236865770502
1998,16,1,1.07291572798694
1998,18,1,1.01554943298444
1998,21,1,0.419100974052376
1998,20,1,0
1998,22,1,1.14861227016064
1998,24,1,1.55576204448214
1998,26,1,0
1998,23,1,0.552744476600901
1998,19,1,0
1998,27,1,0
1998,25,1,0.707740933165941
1998,17,1,1.16205197992144
1999,16,1,0.98131196680071
1999,18,1,0.849640547924164
1999,21,1,0.390413664030998
1999,20,1,0
1999,22,1,0.938713419901014
1999,24,1,1.5219864850477
1999,26,1,0
1999,23,1,0.571805593065218
1999,19,1,0
1999,27,1,0
1999,25,1,1.12183212891404
1999,17,1,1.27705099724117
2000,16,1,0.805459182114574
2000,18,1,0.630097538673023
2000,21,1,0.358085315730597
2000,20,1,0
2000,22,1,1.41363308487226
2000,24,1,1.26537284215598
2000,26,1,0
2000,23,1,0.538910027356499
2000,19,1,0
2000,27,1,0
2000,25,1,0.903147710185996
2000,17,1,0.695442576791526
2001,16,1,0.850184459803445
2001,18,1,0.753841195280368
2001,21,1,0.461930235394075
2001,20,1,0
2001,22,1,1.57556297631795
2001,24,1,1.87029300522503
2001,26,1,0
2001,23,1,0.528752886447921
2001,19,1,0
2001,27,1,0
2001,25,1,1.13530859705577
2001,17,1,1.12157022864248
2002,16,1,0.872488778363961
2002,18,1,0.932078898019262
2002,21,1,0.42247230018804
2002,20,1,0
2002,22,1,1.35413080726625
2002,24,1,2.06306626473279
2002,26,1,0
2002,23,1,0.490759862009181
2002,19,1,0
2002,27,1,0
2002,25,1,0.81829113915307
2002,17,1,1.457672312746
2003,16,1,0.918059248871752
2003,18,1,0.997601827050594
2003,21,1,0.527151913223364
2003,20,1,0
2003,22,1,1.57885972583598
2003,24,1,1.93192963486977
2003,26,1,0
2003,23,1,0.685024127014946
2003,19,1,0
2003,27,1,0
2003,25,1,1.04638820485613
2003,17,1,1.63109806923981
2004,16,1,0.940022510976276
2004,18,1,1.34791879537258
2004,21,1,0.572074921355893
2004,20,1,0
2004,22,1,1.48745107994421
2004,24,1,2.1932683424018
2004,26,1,0
2004,23,1,0.590592035800226
2004,19,1,0
2004,27,1,0
2004,25,1,0.883502273818088
2004,17,1,1.22524862502306
2005,16,1,1.04231706086698
2005,18,1,1.26060984200308
2005,21,1,0.567902892642823
2005,20,1,0
2005,22,1,1.52369711519522
2005,24,1,1.99626015654482
2005,26,1,0
2005,23,1,0.648983487130932
2005,19,1,0
2005,27,1,0
2005,25,1,1.06279192985083
2005,17,1,1.13543136340423
2006,16,1,1.01542466567551
2006,18,1,1.12994004593851
2006,21,1,0.527431623454171
2006,20,1,0
2006,22,1,1.45183071523315
2006,24,1,1.84717503048396
2006,26,1,0
2006,23,1,0.623180304837604
2006,19,1,0
2006,27,1,0
2006,25,1,1.25166978144921
2006,17,1,0.900350183081685
2007,16,1,1.03994076582897
2007,18,1,1.16355603427102
2007,21,1,0.505278723110581
2007,20,1,0
2007,22,1,1.32121088432703
2007,24,1,1.76923168815801
2007,26,1,0
2007,23,1,0.734495654563999
2007,19,1,0
2007,27,1,0
2007,25,1,0.817239731753103
2007,17,1,1.29458976726678
2008,16,1,1.10321024604802
2008,18,1,1.20636674359954
2008,21,1,0.443948697460838
2008,20,1,0
2008,22,1,1.17734574607552
2008,24,1,1.6953392769902
2008,26,1,0
2008,23,1,0.659454119444725
2008,19,1,0
2008,27,1,0
2008,25,1,1.12774292428882
2008,17,1,1.18514259095026
2009,16,1,1.03905543059505
2009,18,1,0.968088574659015
2009,21,1,0.378760690244008
2009,20,1,0
2009,22,1,0.958646271352949
2009,24,1,1.46523756872696
2009,26,1,0
2009,23,1,0.602304178668244
2009,19,1,0
2009,27,1,0
2009,25,1,0.854819460381415
2009,17,1,1.02009583683791
2010,16,1,0.908365518750065
2010,18,1,0.866650155417165
2010,21,1,0.319033085894179
2010,20,1,0
2010,22,1,1.08444499987159
2010,24,1,1.43558980069806
2010,26,1,0
2010,23,1,0.537663630611567
2010,19,1,0
2010,27,1,0
2010,25,1,0.902730016765684
2010,17,1,0.793920150405287
2011,16,1,1.02609764829009
2011,18,1,0.977731364051513
2011,21,1,0.396614559847248
2011,20,1,0
2011,22,1,1.18801913556885
2011,24,1,1.91525848593898
2011,26,1,0
2011,23,1,0.779767663892937
2011,19,1,0
2011,27,1,0
2011,25,1,1.30928663278479
2011,17,1,0.907232626433343
2012,16,1,1.05309048065549
2012,18,1,0.961265858522126
2012,21,1,0.459672505090857
2012,20,1,0
2012,22,1,1.09242558307232
2012,24,1,2.02359293914599
2012,26,1,0
2012,23,1,0.852926556409656
2012,19,1,0
2012,27,1,0
2012,25,1,1.19273725818814
2012,17,1,1.0854309563057
2013,16,1,1.04552406214465
2013,18,1,0.92295633177808
2013,21,1,0.442914569883664
2013,20,1,0
2013,22,1,0.981831196691692
2013,24,1,1.83010848581841
2013,26,1,0
2013,23,1,0.628391720446323
2013,19,1,0
2013,27,1,0
2013,25,1,1.13937495726875
2013,17,1,0.990452465073584
2014,16,1,1.00534217712223
2014,18,1,1.02436328232113
2014,21,1,0.377283928621422
2014,20,1,0
2014,22,1,0.910503101436501
2014,24,1,1.95367918586515
2014,26,1,0
2014,23,1,0.588190677243578
2014,19,1,0
2014,27,1,0
2014,25,1,0.730431579463436
2014,17,1,0.839751340465367
2015,16,1,1.01201923161608
2015,18,1,0.821378833414349
2015,21,1,0.327184073605152
2015,20,1,0
2015,22,1,0.839325755081642
2015,24,1,1.61106224779
2015,26,1,0
2015,23,1,0.535084693801966
2015,19,1,0
2015,27,1,0
2015,25,1,0.977029499260531
2015,17,1,0.749958295795848
2016,16,1,1.11691140430445
2016,18,1,0.958104927218202
2016,21,1,0.482003521822197
2016,20,1,0
2016,22,1,1.41182955905869
2016,24,1,2.09106533799501
2016,26,1,0
2016,23,1,0.765908491543755
2016,19,1,0
2016,27,1,0
2016,25,1,1.49054240607044
2016,17,1,0.962722315117656
2017,16,1,0.939201536634908
2017,18,1,0.964505277649005
2017,21,1,0.33690853963003
2017,20,1,0
2017,22,1,0.845970284537863
2017,24,1,1.84699566638615
2017,26,1,0
2017,23,1,0.531608880414104
2017,19,1,0
2017,27,1,0
2017,25,1,1.0673652155975
2017,17,1,1.12455463450732
2018,16,1,1.02313509434041
2018,18,1,1.11764233369435
2018,21,1,0.416400063126709
2018,20,1,0
2018,22,1,1.0255783979324
2018,24,1,2.12088859247864
2018,26,1,0
2018,23,1,0.590387769333709
2018,19,1,0
2018,27,1,0
2018,25,1,1.12833835156927
2018,17,1,1.06761822119303
2019,16,1,0.875196885270685
2019,18,1,0.895775212883243
2019,21,1,0.335727573670302
2019,20,1,0
2019,22,1,0.703342228049697
2019,24,1,1.53636584766488
2019,26,1,0
2019,23,1,0.499891840110219
2019,19,1,0
2019,27,1,0
2019,25,1,0.855852613027032
2019,17,1,0.888380667013761
1974,16,2,0.558814087188453
1974,18,2,0.590771276352824
1974,21,2,0.244092165701297
1974,20,2,0
1974,22,2,0.886308331754012
1974,24,2,2.02484587999964
1974,26,2,0
1974,23,2,0.596989857231123
1974,19,2,0
1974,27,2,0
1974,25,2,1.21358632572954
1974,17,2,0.69347885952958
1975,16,2,0.570441517522313
1975,18,2,0.60544316188403
1975,21,2,0.230650422242576
1975,20,2,0
1975,22,2,1.10160900233613
1975,24,2,1.53203368162033
1975,26,2,0
1975,23,2,0.581834985940622
1975,19,2,0
1975,27,2,0
1975,25,2,1.49401761465606
1975,17,2,0.558821638653045
1976,16,2,0.519948881664115
1976,18,2,0.51625583360639
1976,21,2,0.252710801094397
1976,20,2,0
1976,22,2,1.00146957857332
1976,24,2,1.7074828051882
1976,26,2,0
1976,23,2,0.532339577152282
1976,19,2,0
1976,27,2,0
1976,25,2,1.36174351857211
1976,17,2,0.602380434970581
1977,16,2,0.513752722459533
1977,18,2,0.541720134281211
1977,21,2,0.210592165834836
1977,20,2,0
1977,22,2,0.805125955765417
1977,24,2,1.59750928828032
1977,26,2,0
1977,23,2,0.57270178294607
1977,19,2,0
1977,27,2,0
1977,25,2,1.76616856459188
1977,17,2,0.547176581944965
1978,16,2,0.458953122884655
1978,18,2,0.48661298173194
1978,21,2,0.219803765866008
1978,20,2,0
1978,22,2,0.714793882795088
1978,24,2,1.61906268471054
1978,26,2,0
1978,23,2,0.438610166420773
1978,19,2,0
1978,27,2,0
1978,25,2,1.23685613751318
1978,17,2,0.699108191613208
1979,16,2,0.486696517823362
1979,18,2,0.474763686667118
1979,21,2,0.19666614662748
1979,20,2,0
1979,22,2,0.693751113116388
1979,24,2,1.48711670367036
1979,26,2,0
1979,23,2,0.421242500250934
1979,19,2,0
1979,27,2,0
1979,25,2,1.24021902088543
1979,17,2,0.600979954331797
1980,16,2,0.423918073483997
1980,18,2,0.343599628894158
1980,21,2,0.170784701083529
1980,20,2,0
1980,22,2,0.862820670032871
1980,24,2,1.1979959362407
1980,26,2,0
1980,23,2,0.446897831025161
1980,19,2,0
1980,27,2,0
1980,25,2,1.5362665486373
1980,17,2,0.511364268958946
1981,16,2,0.51532876067997
1981,18,2,0.511025665322713
1981,21,2,0.267055602759563
1981,20,2,0
1981,22,2,1.11064231846529
1981,24,2,1.95378002923244
1981,26,2,0
1981,23,2,0.505837236177727
1981,19,2,0
1981,27,2,0
1981,25,2,1.49077796989628
1981,17,2,0.778858596751622
1982,16,2,0.57958115383533
1982,18,2,0.395035216099204
1982,21,2,0.252684946991262
1982,20,2,0
1982,22,2,1.04336854249852
1982,24,2,1.699075963435
1982,26,2,0
1982,23,2,0.479638352479007
1982,19,2,0
1982,27,2,0
1982,25,2,1.21826380483057
1982,17,2,0.581831177410771
1983,16,2,0.558492410875215
1983,18,2,0.309627870079179
1983,21,2,0.241908418103016
1983,20,2,0
1983,22,2,0.970004614196977
1983,24,2,1.65952079969464
1983,26,2,0
1983,23,2,0.525664349047371
1983,19,2,0
1983,27,2,0
1983,25,2,0.927447363830965
1983,17,2,0.629591896378034
1984,16,2,0.542852719823703
1984,18,2,0.310948882499756
1984,21,2,0.194230874512313
1984,20,2,0
1984,22,2,0.796437810550582
1984,24,2,1.36798623434903
1984,26,2,0
1984,23,2,0.458145553362211
1984,19,2,0
1984,27,2,0
1984,25,2,0.860147682624711
1984,17,2,0.491717682923264
1985,16,2,0.521080964834076
1985,18,2,0.312922902181139
1985,21,2,0.213466129382005
1985,20,2,0
1985,22,2,0.736581354629467
1985,24,2,1.86423938161241
1985,26,2,0
1985,23,2,0.517419983660308
1985,19,2,0
1985,27,2,0
1985,25,2,0.924289312819453
1985,17,2,0.549588588672772
1986,16,2,0.52910974729485
1986,18,2,0.207941836360291
1986,21,2,0.236997266136572
1986,20,2,0
1986,22,2,0.853450753753754
1986,24,2,1.80621770052212
1986,26,2,0
1986,23,2,0.499897999025862
1986,19,2,0
1986,27,2,0
1986,25,2,1.41844518602922
1986,17,2,0.412486590415157
1987,16,2,0.463305996886298
1987,18,2,0.231077323337582
1987,21,2,0.18550841944654
1987,20,2,0
1987,22,2,0.876870948719901
1987,24,2,1.51779795160771
1987,26,2,0
1987,23,2,0.564415793818056
1987,19,2,0
1987,27,2,0
1987,25,2,0.924981396693836
1987,17,2,0.505562702464511
1988,16,2,0.556148280445652
1988,18,2,0.263577643420705
1988,21,2,0.206246118796788
1988,20,2,0
1988,22,2,0.687763137100985
1988,24,2,1.53940133261847
1988,26,2,0
1988,23,2,0.583332958112341
1988,19,2,0
1988,27,2,0
1988,25,2,1.11815901040563
1988,17,2,0.471749210695069
1989,16,2,0.532254693834073
1989,18,2,0.205259700077073
1989,21,2,0.163199321747373
1989,20,2,0
1989,22,2,0.677238255196022
1989,24,2,1.20696127548874
1989,26,2,0
1989,23,2,0.517145922414564
1989,19,2,0
1989,27,2,0
1989,25,2,1.12115210348307
1989,17,2,0.416583208340588
1990,16,2,0.604464063584069
1990,18,2,0.268246420645981
1990,21,2,0.174087041259901
1990,20,2,0
1990,22,2,0.855054560210016
1990,24,2,1.34832866008517
1990,26,2,0
1990,23,2,0.521808501275877
1990,19,2,0
1990,27,2,0
1990,25,2,1.16412501988112
1990,17,2,0.4750042565009
1991,16,2,0.631713262488752
1991,18,2,0.224874640160486
1991,21,2,0.162257837142825
1991,20,2,0
1991,22,2,0.753758159444346
1991,24,2,1.38653813478769
1991,26,2,0
1991,23,2,0.464511895169027
1991,19,2,0
1991,27,2,0
1991,25,2,1.1826991083643
1991,17,2,0.418263117858691
1992,16,2,0.601881266212783
1992,18,2,0.225781971751477
1992,21,2,0.180273683489112
1992,20,2,0
1992,22,2,0.73784346433228
1992,24,2,1.10203703457826
1992,26,2,0
1992,23,2,0.429888354344119
1992,19,2,0
1992,27,2,0
1992,25,2,1.05333628053478
1992,17,2,0.357842888014895
1993,16,2,0.606819297583639
1993,18,2,0.197082364606548
1993,21,2,0.215704214212466
1993,20,2,0
1993,22,2,0.667057159566971
1993,24,2,1.39534703662616
1993,26,2,0
1993,23,2,0.443538822853935
1993,19,2,0
1993,27,2,0
1993,25,2,1.07379473343612
1993,17,2,0.457938681870478
1994,16,2,0.579219154984107
1994,18,2,0.242602156653913
1994,21,2,0.195349176602092
1994,20,2,0
1994,22,2,0.579035469701872
1994,24,2,1.27754590110141
1994,26,2,0
1994,23,2,0.434671692489369
1994,19,2,0
1994,27,2,0
1994,25,2,1.00221170304655
1994,17,2,0.442705884949694
1995,16,2,0.545937558501918
1995,18,2,0.200584136820669
1995,21,2,0.228297590378677
1995,20,2,0
1995,22,2,1.04756395980225
1995,24,2,1.27925673094463
1995,26,2,0
1995,23,2,0.453379006452279
1995,19,2,0
1995,27,2,0
1995,25,2,0.994071834931284
1995,17,2,0.417788133010305
1996,16,2,0.637048660589132
1996,18,2,0.228292281676883
1996,21,2,0.219991272521924
1996,20,2,0
1996,22,2,0.760471968291991
1996,24,2,1.39827848843094
1996,26,2,0
1996,23,2,0.477000137935073
1996,19,2,0
1996,27,2,0
1996,25,2,0.804093218912487
1996,17,2,0.502953154512594
1997,16,2,0.556105902197524
1997,18,2,0.231823614824517
1997,21,2,0.197518923194972
1997,20,2,0
1997,22,2,0.806661405147936
1997,24,2,1.22439763207298
1997,26,2,0
1997,23,2,0.3731471444382
1997,19,2,0
1997,27,2,0
1997,25,2,0.586131509659312
1997,17,2,0.396174275292731
1998,16,2,0.625988825602842
1998,18,2,0.161339060030322
1998,21,2,0.226188215470569
1998,20,2,0
1998,22,2,0.845535504712323
1998,24,2,1.35059119796915
1998,26,2,0
1998,23,2,0.458595525609241
1998,19,2,0
1998,27,2,0
1998,25,2,0.650095502501484
1998,17,2,0.480728080888533
1999,16,2,0.723814028117212
1999,18,2,0.142484598211687
1999,21,2,0.205900862265011
1999,20,2,0
1999,22,2,0.782223702904687
1999,24,2,1.39344067890639
1999,26,2,0
1999,23,2,0.491380384372956
1999,19,2,0
1999,27,2,0
1999,25,2,0.909281312504041
1999,17,2,0.430368189666289
2000,16,2,0.624644571139995
2000,18,2,0.113902873196358
2000,21,2,0.144889212375355
2000,20,2,0
2000,22,2,1.21090216488089
2000,24,2,1.1001329230205
2000,26,2,0
2000,23,2,0.450435720714436
2000,19,2,0
2000,27,2,0
2000,25,2,0.89042302784549
2000,17,2,0.325529774006768
2001,16,2,0.602288678884892
2001,18,2,0.155787741333383
2001,21,2,0.198646424308316
2001,20,2,0
2001,22,2,1.34555784827971
2001,24,2,1.41373004615452
2001,26,2,0
2001,23,2,0.415725075115718
2001,19,2,0
2001,27,2,0
2001,25,2,0.931036749104367
2001,17,2,0.383723752754781
2002,16,2,0.65229841441989
2002,18,2,0.201552325047062
2002,21,2,0.244871107936688
2002,20,2,0
2002,22,2,1.14460057663384
2002,24,2,1.81859178156088
2002,26,2,0
2002,23,2,0.438221805287325
2002,19,2,0
2002,27,2,0
2002,25,2,0.638433348017145
2002,17,2,0.468176688166915
2003,16,2,0.7127753424967
2003,18,2,0.196280618100233
2003,21,2,0.235807545167719
2003,20,2,0
2003,22,2,0.992708214325541
2003,24,2,2.18350790759522
2003,26,2,0
2003,23,2,0.639872202586118
2003,19,2,0
2003,27,2,0
2003,25,2,0.997447998611077
2003,17,2,0.487313738685116
2004,16,2,0.76974375873012
2004,18,2,0.295105248022471
2004,21,2,0.278247343121385
2004,20,2,0
2004,22,2,1.34461938116468
2004,24,2,2.31628816984666
2004,26,2,0
2004,23,2,0.502763212435706
2004,19,2,0
2004,27,2,0
2004,25,2,0.753580471013613
2004,17,2,0.596392426244291
2005,16,2,0.844922583994371
2005,18,2,0.228178276364853
2005,21,2,0.304888488283526
2005,20,2,0
2005,22,2,1.18418406758532
2005,24,2,1.8287457340928
2005,26,2,0
2005,23,2,0.537585106620913
2005,19,2,0
2005,27,2,0
2005,25,2,1.04978207893152
2005,17,2,0.455871985106345
2006,16,2,0.834825109268806
2006,18,2,0.217120084245489
2006,21,2,0.25032188035378
2006,20,2,0
2006,22,2,1.24048419605802
2006,24,2,2.1187344423534
2006,26,2,0
2006,23,2,0.526751759654679
2006,19,2,0
2006,27,2,0
2006,25,2,1.0729904237657
2006,17,2,0.550851150787788
2007,16,2,0.791473701124465
2007,18,2,0.240551303749778
2007,21,2,0.270418849667826
2007,20,2,0
2007,22,2,0.897519725684323
2007,24,2,1.54453716694556
2007,26,2,0
2007,23,2,0.604946857790376
2007,19,2,0
2007,27,2,0
2007,25,2,0.65776228864346
2007,17,2,0.518277914068396
2008,16,2,0.837875695416611
2008,18,2,0.286219128333909
2008,21,2,0.236756479255841
2008,20,2,0
2008,22,2,0.814572618039154
2008,24,2,1.74597561294947
2008,26,2,0
2008,23,2,0.523641344591466
2008,19,2,0
2008,27,2,0
2008,25,2,0.891292033263987
2008,17,2,0.461454935887723
2009,16,2,0.804631718009478
2009,18,2,0.279172358296566
2009,21,2,0.193823052289749
2009,20,2,0
2009,22,2,0.821550694862634
2009,24,2,1.49286292980353
2009,26,2,0
2009,23,2,0.514193099396804
2009,19,2,0
2009,27,2,0
2009,25,2,0.500470295140943
2009,17,2,0.481236210094591
2010,16,2,0.706565063399861
2010,18,2,0.277416271683623
2010,21,2,0.183371282507635
2010,20,2,0
2010,22,2,0.767138724094528
2010,24,2,1.71686660400227
2010,26,2,0
2010,23,2,0.435919661549162
2010,19,2,0
2010,27,2,0
2010,25,2,0.764548471199676
2010,17,2,0.406338212473953
2011,16,2,0.755189624706767
2011,18,2,0.263096875414256
2011,21,2,0.205631494130972
2011,20,2,0
2011,22,2,0.919363084749483
2011,24,2,1.68779005410395
2011,26,2,0
2011,23,2,0.670520137482546
2011,19,2,0
2011,27,2,0
2011,25,2,1.18895945294461
2011,17,2,0.450856489331778
2012,16,2,0.769615157050986
2012,18,2,0.326549390988263
2012,21,2,0.226087429612959
2012,20,2,0
2012,22,2,0.755888178672758
2012,24,2,1.88440401410355
2012,26,2,0
2012,23,2,0.701821172901473
2012,19,2,0
2012,27,2,0
2012,25,2,0.986255190141535
2012,17,2,0.507859944591281
2013,16,2,0.757716150325018
2013,18,2,0.287986993775663
2013,21,2,0.225962032568035
2013,20,2,0
2013,22,2,0.830281837745629
2013,24,2,2.09918407228344
2013,26,2,0
2013,23,2,0.548709429192483
2013,19,2,0
2013,27,2,0
2013,25,2,0.907030424135784
2013,17,2,0.429358298825362
2014,16,2,0.741671554453672
2014,18,2,0.298433203205426
2014,21,2,0.206481162692812
2014,20,2,0
2014,22,2,0.788318757018364
2014,24,2,2.26513774225513
2014,26,2,0
2014,23,2,0.494248719344023
2014,19,2,0
2014,27,2,0
2014,25,2,0.553822178063426
2014,17,2,0.410500456982248
2015,16,2,0.701457335700171
2015,18,2,0.28891926129422
2015,21,2,0.180670888914258
2015,20,2,0
2015,22,2,0.632292057923455
2015,24,2,1.78643282683186
2015,26,2,0
2015,23,2,0.405059034808592
2015,19,2,0
2015,27,2,0
2015,25,2,0.895492850688822
2015,17,2,0.396653665801396
2016,16,2,0.788838127104387
2016,18,2,0.32545314544033
2016,21,2,0.216635290333901
2016,20,2,0
2016,22,2,1.05793649319765
2016,24,2,2.42556452217263
2016,26,2,0
2016,23,2,0.610990245679145
2016,19,2,0
2016,27,2,0
2016,25,2,1.30338497187863
2016,17,2,0.481362103304644
2017,16,2,0.661244304150366
2017,18,2,0.307573583296943
2017,21,2,0.210499657803094
2017,20,2,0
2017,22,2,0.743226317346016
2017,24,2,1.83786228720618
2017,26,2,0
2017,23,2,0.45656241388979
2017,19,2,0
2017,27,2,0
2017,25,2,0.738823111980415
2017,17,2,0.440985533098304
2018,16,2,0.7838134230177
2018,18,2,0.305344939413787
2018,21,2,0.226320451014518
2018,20,2,0
2018,22,2,0.864793466662016
2018,24,2,2.44908067661857
2018,26,2,0
2018,23,2,0.522810746031588
2018,19,2,0
2018,27,2,0
2018,25,2,0.918782946721637
2018,17,2,0.544690411440154
2019,16,2,0.701138768053475
2019,18,2,0.263240706017037
2019,21,2,0.178069849357132
2019,20,2,0
2019,22,2,0.595455562617542
2019,24,2,1.87560875914889
2019,26,2,0
2019,23,2,0.458657379935093
2019,19,2,0
2019,27,2,0
2019,25,2,0.65708823459591
2019,17,2,0.482874037804731
1974,16,3,0.0164567586310978
1974,18,3,0.38137398961226
1974,21,3,0.221984430511041
1974,20,3,0
1974,22,3,0.57302302072241
1974,24,3,1.58087722777758
1974,26,3,0
1974,23,3,0.486623132953599
1974,19,3,0
1974,27,3,0
1974,25,3,0.487278197083288
1974,17,3,0.450161336152337
1975,16,3,0.0166778099996001
1975,18,3,0.289149879850457
1975,21,3,0.194240423693787
1975,20,3,0
1975,22,3,0.551456345643251
1975,24,3,1.25702501642762
1975,26,3,0
1975,23,3,0.472202347519069
1975,19,3,0
1975,27,3,0
1975,25,3,0.833533683438271
1975,17,3,0.442461183151407
1976,16,3,0.0175925578832891
1976,18,3,0.276651892701478
1976,21,3,0.188492627751476
1976,20,3,0
1976,22,3,0.844876890848898
1976,24,3,1.41679039647924
1976,26,3,0
1976,23,3,0.411919431594199
1976,19,3,0
1976,27,3,0
1976,25,3,0.969918897194088
1976,17,3,0.398838412436962
1977,16,3,0.0302797629135076
1977,18,3,0.334666414813843
1977,21,3,0.173114665150286
1977,20,3,0
1977,22,3,0.598137919912685
1977,24,3,1.34469670894299
1977,26,3,0
1977,23,3,0.420783966287301
1977,19,3,0
1977,27,3,0
1977,25,3,1.18276358391582
1977,17,3,0.407930840432636
1978,16,3,0.0357068262773228
1978,18,3,0.329835840823981
1978,21,3,0.190554267273227
1978,20,3,0
1978,22,3,0.507906061438245
1978,24,3,1.38898089162009
1978,26,3,0
1978,23,3,0.315614452479202
1978,19,3,0
1978,27,3,0
1978,25,3,0.981824706057594
1978,17,3,0.377062701654122
1979,16,3,0.0206761353141303
1979,18,3,0.231807731834069
1979,21,3,0.175525689827772
1979,20,3,0
1979,22,3,0.42423280797448
1979,24,3,1.04883861691484
1979,26,3,0
1979,23,3,0.278509157096542
1979,19,3,0
1979,27,3,0
1979,25,3,0.997920605938834
1979,17,3,0.334574275068809
1980,16,3,0.0245023343312653
1980,18,3,0.201714583379037
1980,21,3,0.138569929353691
1980,20,3,0
1980,22,3,0.441496447760164
1980,24,3,0.984168465990557
1980,26,3,0
1980,23,3,0.3142906807715
1980,19,3,0
1980,27,3,0
1980,25,3,1.254274498356
1980,17,3,0.296600292271366
1981,16,3,0.0279231520576081
1981,18,3,0.248324860238469
1981,21,3,0.207831651279219
1981,20,3,0
1981,22,3,0.866800334183995
1981,24,3,1.64307190746665
1981,26,3,0
1981,23,3,0.329840197044076
1981,19,3,0
1981,27,3,0
1981,25,3,1.21025356900353
1981,17,3,0.368105290791547
1982,16,3,0.0429027822211137
1982,18,3,0.236327240338993
1982,21,3,0.214676291364863
1982,20,3,0
1982,22,3,0.873554154552994
1982,24,3,1.39383959915632
1982,26,3,0
1982,23,3,0.44574073859343
1982,19,3,0
1982,27,3,0
1982,25,3,0.698690243651
1982,17,3,0.38531931473181
1983,16,3,0.0371807011078498
1983,18,3,0.219335763885284
1983,21,3,0.211799512247684
1983,20,3,0
1983,22,3,0.686608763079572
1983,24,3,1.36189059589612
1983,26,3,0
1983,23,3,0.365047514195474
1983,19,3,0
1983,27,3,0
1983,25,3,0.503714968176967
1983,17,3,0.299692586992053
1984,16,3,0.0358021674351993
1984,18,3,0.156492774413821
1984,21,3,0.145823254768207
1984,20,3,0
1984,22,3,0.461631712068853
1984,24,3,1.10853269408158
1984,26,3,0
1984,23,3,0.326686423203963
1984,19,3,0
1984,27,3,0
1984,25,3,0.622255940785619
1984,17,3,0.279470448817701
1985,16,3,0.0366451352166774
1985,18,3,0.168681058654211
1985,21,3,0.169886077837403
1985,20,3,0
1985,22,3,0.576950317038513
1985,24,3,1.49625582094507
1985,26,3,0
1985,23,3,0.347227882360676
1985,19,3,0
1985,27,3,0
1985,25,3,0.536098651253804
1985,17,3,0.260514577641007
1986,16,3,0.039118531885662
1986,18,3,0.1398572640453
1986,21,3,0.113777190610151
1986,20,3,0
1986,22,3,0.78215800808947
1986,24,3,1.40459271438537
1986,26,3,0
1986,23,3,0.516090165870735
1986,19,3,0
1986,27,3,0
1986,25,3,0.636251116811729
1986,17,3,0.295846295528573
1987,16,3,0.0395245474284764
1987,18,3,0.167428711067689
1987,21,3,0.13197293310754
1987,20,3,0
1987,22,3,0.4912245791401
1987,24,3,1.0602728422919
1987,26,3,0
1987,23,3,0.366736483649052
1987,19,3,0
1987,27,3,0
1987,25,3,0.702044162490417
1987,17,3,0.238790770823243
1988,16,3,0.0470734138637945
1988,18,3,0.126967435196291
1988,21,3,0.152642672153361
1988,20,3,0
1988,22,3,0.567029413827773
1988,24,3,1.17868818266929
1988,26,3,0
1988,23,3,0.383253369736367
1988,19,3,0
1988,27,3,0
1988,25,3,0.58628816958865
1988,17,3,0.322731344341292
1989,16,3,0.053824938419893
1989,18,3,0.174649385101677
1989,21,3,0.139604516142873
1989,20,3,0
1989,22,3,0.510006405070267
1989,24,3,0.915941641556665
1989,26,3,0
1989,23,3,0.513556631693426
1989,19,3,0
1989,27,3,0
1989,25,3,0.587181843858808
1989,17,3,0.281640948498146
1990,16,3,0.06541054723717
1990,18,3,0.145525782306455
1990,21,3,0.135767790201197
1990,20,3,0
1990,22,3,0.536715833663469
1990,24,3,0.934565923456779
1990,26,3,0
1990,23,3,0.387323429955704
1990,19,3,0
1990,27,3,0
1990,25,3,0.907486987324482
1990,17,3,0.299393347173969
1991,16,3,0.0666751089161964
1991,18,3,0.118691158307274
1991,21,3,0.1057858477513
1991,20,3,0
1991,22,3,0.3178739675679
1991,24,3,1.07141556715225
1991,26,3,0
1991,23,3,0.297565200749584
1991,19,3,0
1991,27,3,0
1991,25,3,1.03695849330272
1991,17,3,0.2929076660717
1992,16,3,0.0541274727048918
1992,18,3,0.107893317513231
1992,21,3,0.103596807982581
1992,20,3,0
1992,22,3,0.539955579036301
1992,24,3,0.969164500926107
1992,26,3,0
1992,23,3,0.293188560531556
1992,19,3,0
1992,27,3,0
1992,25,3,0.804343011906518
1992,17,3,0.260990310321318
1993,16,3,0.0493766149938335
1993,18,3,0.0987444943111273
1993,21,3,0.144971796151523
1993,20,3,0
1993,22,3,0.57008769552738
1993,24,3,1.15530338104838
1993,26,3,0
1993,23,3,0.322381035964795
1993,19,3,0
1993,27,3,0
1993,25,3,0.861732812699505
1993,17,3,0.248226417876995
1994,16,3,0.0493732387591561
1994,18,3,0.106485434822466
1994,21,3,0.122259288837774
1994,20,3,0
1994,22,3,0.548407580215667
1994,24,3,0.959185072123706
1994,26,3,0
1994,23,3,0.321542020392203
1994,19,3,0
1994,27,3,0
1994,25,3,0.835068648579446
1994,17,3,0.270110844562577
1995,16,3,0.0410546491966379
1995,18,3,0.113253300827044
1995,21,3,0.209943749676401
1995,20,3,0
1995,22,3,0.64201476174882
1995,24,3,1.11800322021786
1995,26,3,0
1995,23,3,0.341732365195053
1995,19,3,0
1995,27,3,0
1995,25,3,0.828555803525334
1995,17,3,0.241124457468357
1996,16,3,0.0635477342664056
1996,18,3,0.105938089337098
1996,21,3,0.136734904477154
1996,20,3,0
1996,22,3,0.681484541614343
1996,24,3,1.16668822614335
1996,26,3,0
1996,23,3,0.338324906257591
1996,19,3,0
1996,27,3,0
1996,25,3,0.605874907148233
1996,17,3,0.283037822452052
1997,16,3,0.0517458693764519
1997,18,3,0.109556810108021
1997,21,3,0.140762905983756
1997,20,3,0
1997,22,3,0.652649068492466
1997,24,3,1.05324510095583
1997,26,3,0
1997,23,3,0.350087838370263
1997,19,3,0
1997,27,3,0
1997,25,3,0.37020199912845
1997,17,3,0.263712295508806
1998,16,3,0.0916523015476651
1998,18,3,0.108016556582925
1998,21,3,0.165249796997778
1998,20,3,0
1998,22,3,0.685017909786605
1998,24,3,1.19149498551644
1998,26,3,0
1998,23,3,0.390401985051017
1998,19,3,0
1998,27,3,0
1998,25,3,0.401934825371366
1998,17,3,0.273388633807605
1999,16,3,0.0917900505370972
1999,18,3,0.116887226626115
1999,21,3,0.140446719642709
1999,20,3,0
1999,22,3,0.605360463583621
1999,24,3,1.22452854129344
1999,26,3,0
1999,23,3,0.407996098073437
1999,19,3,0
1999,27,3,0
1999,25,3,0.795598450826067
1999,17,3,0.303828748659128
2000,16,3,0.086248160500229
2000,18,3,0.0994366920570236
2000,21,3,0.119219093504418
2000,20,3,0
2000,22,3,0.829185900248035
2000,24,3,0.873889582431829
2000,26,3,0
2000,23,3,0.351333790352921
2000,19,3,0
2000,27,3,0
2000,25,3,0.610330185881208
2000,17,3,0.236443485432338
2001,16,3,0.0978844858673164
2001,18,3,0.0970203734978914
2001,21,3,0.139219794094191
2001,20,3,0
2001,22,3,1.11533387137897
2001,24,3,1.24608188288394
2001,26,3,0
2001,23,3,0.375061677499264
2001,19,3,0
2001,27,3,0
2001,25,3,0.707506484935899
2001,17,3,0.230695743048962
2002,16,3,0.137412274665082
2002,18,3,0.150905058081687
2002,21,3,0.152375200178632
2002,20,3,0
2002,22,3,1.08464642637478
2002,24,3,1.48307136915971
2002,26,3,0
2002,23,3,0.360439431484768
2002,19,3,0
2002,27,3,0
2002,25,3,0.403219545253804
2002,17,3,0.320497202559495
2003,16,3,0.184631241800473
2003,18,3,0.140607756495904
2003,21,3,0.156681089782674
2003,20,3,0
2003,22,3,0.969244656573554
2003,24,3,1.88983279902402
2003,26,3,0
2003,23,3,0.559748316829263
2003,19,3,0
2003,27,3,0
2003,25,3,0.699699184332116
2003,17,3,0.293078441186124
2004,16,3,0.203024067467577
2004,18,3,0.183119472575917
2004,21,3,0.224503380706929
2004,20,3,0
2004,22,3,1.31305735705481
2004,24,3,2.09424120715222
2004,26,3,0
2004,23,3,0.500983612449007
2004,19,3,0
2004,27,3,0
2004,25,3,0.642161148171488
2004,17,3,0.371307258416103
2005,16,3,0.240171594484239
2005,18,3,0.171997180441332
2005,21,3,0.229205663665722
2005,20,3,0
2005,22,3,1.03389143540815
2005,24,3,1.69848146490579
2005,26,3,0
2005,23,3,0.445052276607987
2005,19,3,0
2005,27,3,0
2005,25,3,0.925028845445933
2005,17,3,0.325415881419834
2006,16,3,0.186260489868855
2006,18,3,0.172136845110266
2006,21,3,0.206186647602769
2006,20,3,0
2006,22,3,0.910172460916615
2006,24,3,1.97221539235974
2006,26,3,0
2006,23,3,0.509083732185472
2006,19,3,0
2006,27,3,0
2006,25,3,0.825498231200414
2006,17,3,0.354666758967587
2007,16,3,0.152679859518274
2007,18,3,0.088764447421478
2007,21,3,0.220453570575396
2007,20,3,0
2007,22,3,0.819569363071247
2007,24,3,1.45264647975387
2007,26,3,0
2007,23,3,0.388822653984792
2007,19,3,0
2007,27,3,0
2007,25,3,0.384464095058329
2007,17,3,0.315275268176207
2008,16,3,0.1570560487972
2008,18,3,0.0956210641317914
2008,21,3,0.19910858208984
2008,20,3,0
2008,22,3,0.720608365613074
2008,24,3,1.57776672196453
2008,26,3,0
2008,23,3,0.407580621612276
2008,19,3,0
2008,27,3,0
2008,25,3,0.655359616970176
2008,17,3,0.327200471907713
2009,16,3,0.117271750464224
2009,18,3,0.201871432014171
2009,21,3,0.155076143866071
2009,20,3,0
2009,22,3,0.595298197397843
2009,24,3,1.37455631963919
2009,26,3,0
2009,23,3,0.453152846182888
2009,19,3,0
2009,27,3,0
2009,25,3,0.39719977263895
2009,17,3,0.32899612816166
2010,16,3,0.0772096531775696
2010,18,3,0.0874383731165011
2010,21,3,0.135976090750902
2010,20,3,0
2010,22,3,0.713326594894307
2010,24,3,1.60125305650351
2010,26,3,0
2010,23,3,0.377627261647556
2010,19,3,0
2010,27,3,0
2010,25,3,0.43969911538501
2010,17,3,0.260046928669451
2011,16,3,0.108577468585735
2011,18,3,0.0817822496043668
2011,21,3,0.137711508562802
2011,20,3,0
2011,22,3,0.752590066805594
2011,24,3,1.53358764793935
2011,26,3,0
2011,23,3,0.568457102237197
2011,19,3,0
2011,27,3,0
2011,25,3,0.708746077502445
2011,17,3,0.285724578350949
2012,16,3,0.127631985928251
2012,18,3,0.090117210107004
2012,21,3,0.162209117643098
2012,20,3,0
2012,22,3,0.706208693520377
2012,24,3,1.71074079192022
2012,26,3,0
2012,23,3,0.673268314951742
2012,19,3,0
2012,27,3,0
2012,25,3,0.508178802092445
2012,17,3,0.306736026702874
2013,16,3,0.102410949691255
2013,18,3,0.0613579338478389
2013,21,3,0.152151786917537
2013,20,3,0
2013,22,3,0.734134899807089
2013,24,3,1.96978410540762
2013,26,3,0
2013,23,3,0.458772649585915
2013,19,3,0
2013,27,3,0
2013,25,3,0.650595317737573
2013,17,3,0.324518673055565
2014,16,3,0.0947502240036407
2014,18,3,0.0675231642760894
2014,21,3,0.170784287176509
2014,20,3,0
2014,22,3,0.608724110564036
2014,24,3,2.10478342901386
2014,26,3,0
2014,23,3,0.420065046079765
2014,19,3,0
2014,27,3,0
2014,25,3,0.263096755907617
2014,17,3,0.320648408771472
2015,16,3,0.124391751528126
2015,18,3,0.102359547275089
2015,21,3,0.152157571187633
2015,20,3,0
2015,22,3,0.488617990298702
2015,24,3,1.65569139377883
2015,26,3,0
2015,23,3,0.326044611426895
2015,19,3,0
2015,27,3,0
2015,25,3,0.517979145287337
2015,17,3,0.286216928582607
2016,16,3,0.167316975290333
2016,18,3,0.0769767422419503
2016,21,3,0.172069461565747
2016,20,3,0
2016,22,3,0.794984625675947
2016,24,3,2.31901047194827
2016,26,3,0
2016,23,3,0.483788328069788
2016,19,3,0
2016,27,3,0
2016,25,3,0.906035211812457
2016,17,3,0.327657920196303
2017,16,3,0.0503656511170247
2017,18,3,0.15487661014557
2017,21,3,0.171328842840691
2017,20,3,0
2017,22,3,0.585055557929586
2017,24,3,1.74743683318208
2017,26,3,0
2017,23,3,0.414697561611598
2017,19,3,0
2017,27,3,0
2017,25,3,0.542419346876119
2017,17,3,0.2975945636633
2018,16,3,0.116978120834389
2018,18,3,0.133633049605734
2018,21,3,0.19804122120718
2018,20,3,0
2018,22,3,0.654686154583299
2018,24,3,2.32207078492462
2018,26,3,0
2018,23,3,0.453437637737729
2018,19,3,0
2018,27,3,0
2018,25,3,0.630701339785191
2018,17,3,0.350948522358378
2019,16,3,0.07559201068337
2019,18,3,0.116988203643234
2019,21,3,0.150726148729544
2019,20,3,0
2019,22,3,0.467071811144843
2019,24,3,1.77861858457929
2019,26,3,0
2019,23,3,0.419147460882334
2019,19,3,0
2019,27,3,0
2019,25,3,0.445123778142303
2019,17,3,0.30762364176595
1974,16,4,0
1974,18,4,0.23154727068609
1974,21,4,0.203470747640661
1974,20,4,0
1974,22,4,0.503745525954063
1974,26,4,0
1974,23,4,0.470231071990916
1974,19,4,0
1974,27,4,0
1974,17,4,0.341917005668543
1975,16,4,0
1975,18,4,0.214845109636038
1975,21,4,0.163675672927707
1975,20,4,0
1975,22,4,0.516331764007305
1975,26,4,0
1975,23,4,0.436641017918871
1975,19,4,0
1975,27,4,0
1975,17,4,0.280629299700437
1976,16,4,0
1976,18,4,0.208870422662012
1976,21,4,0.152188926023641
1976,20,4,0
1976,22,4,0.730209034655209
1976,26,4,0
1976,23,4,0.382111939281318
1976,19,4,0
1976,27,4,0
1976,17,4,0.304256292999631
1977,16,4,0
1977,18,4,0.110218384118344
1977,21,4,0.138428452108619
1977,20,4,0
1977,22,4,0.502509545700284
1977,26,4,0
1977,23,4,0.38885657111129
1977,19,4,0
1977,27,4,0
1977,17,4,0.353813733278058
1978,16,4,0
1978,18,4,0.30610366649385
1978,21,4,0.151608841766578
1978,20,4,0
1978,22,4,0.432445067624718
1978,26,4,0
1978,23,4,0.283295003970608
1978,19,4,0
1978,27,4,0
1978,17,4,0.336821468556713
1979,16,4,0
1979,18,4,0.14958159324162
1979,21,4,0.142820539398768
1979,20,4,0
1979,22,4,0.388833393129281
1979,26,4,0
1979,23,4,0.278433513242309
1979,19,4,0
1979,27,4,0
1979,17,4,0.315733370873091
1980,16,4,0
1980,18,4,0.0516991884059634
1980,21,4,0.122329194623939
1980,20,4,0
1980,22,4,0.403498025481101
1980,26,4,0
1980,23,4,0.276865925607726
1980,19,4,0
1980,27,4,0
1980,17,4,0.263444419799512
1981,16,4,0
1981,18,4,0.082735743942962
1981,21,4,0.170723913067213
1981,20,4,0
1981,22,4,0.787395258615348
1981,26,4,0
1981,23,4,0.316131488802097
1981,19,4,0
1981,27,4,0
1981,17,4,0.340154675575808
1982,16,4,0
1982,18,4,0.0792424137527505
1982,21,4,0.169287616666367
1982,20,4,0
1982,22,4,0.782415311902233
1982,26,4,0
1982,23,4,0.342734705515195
1982,19,4,0
1982,27,4,0
1982,17,4,0.340114534280827
1983,16,4,0
1983,18,4,0.12189373664999
1983,21,4,0.157167557641939
1983,20,4,0
1983,22,4,0.606035183317376
1983,26,4,0
1983,23,4,0.363885804444113
1983,19,4,0
1983,27,4,0
1983,17,4,0.268273612122604
1984,16,4,0
1984,18,4,0.104673326394972
1984,21,4,0.115938725197416
1984,20,4,0
1984,22,4,0.457809383870056
1984,26,4,0
1984,23,4,0.326686385583085
1984,19,4,0
1984,27,4,0
1984,17,4,0.259944183357273
1985,16,4,0
1985,18,4,0.0936078423457328
1985,21,4,0.10745529509243
1985,20,4,0
1985,22,4,0.518394077749786
1985,26,4,0
1985,23,4,0.28617581281948
1985,19,4,0
1985,27,4,0
1985,17,4,0.259681142833655
1986,16,4,0.0123370947430927
1986,18,4,0.0912169299283342
1986,21,4,0.0882900416127721
1986,20,4,0
1986,22,4,0.650827761651749
1986,26,4,0
1986,23,4,0.428787492721749
1986,19,4,0
1986,27,4,0
1986,17,4,0.227840914210244
1987,16,4,0
1987,18,4,0.0695008220760948
1987,21,4,0.100590116982776
1987,20,4,0
1987,22,4,0.458238199048869
1987,26,4,0
1987,23,4,0.408584333057495
1987,19,4,0
1987,27,4,0
1987,17,4,0.23334548678952
1988,16,4,0.0163118230594616
1988,18,4,0.0950670785941568
1988,21,4,0.111683182562158
1988,20,4,0
1988,22,4,0.461349963402991
1988,26,4,0
1988,23,4,0.34698237765458
1988,19,4,0
1988,27,4,0
1988,17,4,0.282906792327185
1989,16,4,0
1989,18,4,0.0696068780083169
1989,21,4,0.104403370152891
1989,20,4,0
1989,22,4,0.451854479197499
1989,26,4,0
1989,23,4,0.44113398328269
1989,19,4,0
1989,27,4,0
1989,17,4,0.268944146700716
1990,16,4,0
1990,18,4,0.108069382860332
1990,21,4,0.114283744137193
1990,20,4,0
1990,22,4,0.480068856316278
1990,26,4,0
1990,23,4,0.316478916872606
1990,19,4,0
1990,27,4,0
1990,17,4,0.251200997114046
1991,16,4,0
1991,18,4,0.0784054076470717
1991,21,4,0.0991367185096931
1991,20,4,0
1991,22,4,0.450835764063541
1991,26,4,0
1991,23,4,0.336079391081452
1991,19,4,0
1991,27,4,0
1991,17,4,0.269383507255658
1992,16,4,0
1992,18,4,0.0467529116896191
1992,21,4,0.0944292755708697
1992,20,4,0
1992,22,4,0.445959602386693
1992,26,4,0
1992,23,4,0.288857429566928
1992,19,4,0
1992,27,4,0
1992,17,4,0.2452917580882
1993,16,4,0
1993,18,4,0.0504993127046573
1993,21,4,0.112878865428692
1993,20,4,0
1993,22,4,0.570087741041291
1993,26,4,0
1993,23,4,0.281485111739579
1993,19,4,0
1993,27,4,0
1993,17,4,0.230847262484902
1994,16,4,0
1994,18,4,0.0682094664908373
1994,21,4,0.104065655247164
1994,20,4,0
1994,22,4,0.510131473996274
1994,26,4,0
1994,23,4,0.272018772760582
1994,19,4,0
1994,27,4,0
1994,17,4,0.258856935346571
1995,16,4,0
1995,18,4,0.0641276736529408
1995,21,4,0.136801001939253
1995,20,4,0
1995,22,4,0.631825708089916
1995,26,4,0
1995,23,4,0.303995600036565
1995,19,4,0
1995,27,4,0
1995,17,4,0.224245173600359
1996,16,4,0
1996,18,4,0.0809983286916388
1996,21,4,0.104909204560799
1996,20,4,0
1996,22,4,0.524494584023274
1996,26,4,0
1996,23,4,0.274085314321299
1996,19,4,0
1996,27,4,0
1996,17,4,0.267007355114866
1997,16,4,0
1997,18,4,0.0497263370699132
1997,21,4,0.0962854111402883
1997,20,4,0
1997,22,4,0.563051103943931
1997,26,4,0
1997,23,4,0.302630875300944
1997,19,4,0
1997,27,4,0
1997,17,4,0.239318762606485
1998,16,4,0.0273681554776681
1998,18,4,0.0887154591289793
1998,21,4,0.0958357431079472
1998,20,4,0
1998,22,4,0.638232724697423
1998,26,4,0
1998,23,4,0.308944370947641
1998,19,4,0
1998,27,4,0
1998,17,4,0.231584685307056
1999,16,4,0.0400331662274848
1999,18,4,0.0720975635241928
1999,21,4,0.108104026985418
1999,20,4,0
1999,22,4,0.544915503394971
1999,26,4,0
1999,23,4,0.282675966537008
1999,19,4,0
1999,27,4,0
1999,17,4,0.286746096811843
2000,16,4,0.0311306620775673
2000,18,4,0.0580657254594725
2000,21,4,0.0936667622266904
2000,20,4,0
2000,22,4,0.651823127790154
2000,26,4,0
2000,23,4,0.310184498938404
2000,19,4,0
2000,27,4,0
2000,17,4,0.218470928465544
2001,16,4,0
2001,18,4,0.0605878683757294
2001,21,4,0.107312142108323
2001,20,4,0
2001,22,4,1.00322629006342
2001,26,4,0
2001,23,4,0.216943589541319
2001,19,4,0
2001,27,4,0
2001,17,4,0.214797867004024
2002,16,4,0
2002,18,4,0.0458867009458507
2002,21,4,0.13133171866509
2002,20,4,0
2002,22,4,0.985360874884217
2002,26,4,0
2002,23,4,0.249865726882659
2002,19,4,0
2002,27,4,0
2002,17,4,0.248226660288187
2003,16,4,0.0702675133563795
2003,18,4,0.0857329798282116
2003,21,4,0.110734782316074
2003,20,4,0
2003,22,4,0.918303437064005
2003,26,4,0
2003,23,4,0.511748794157762
2003,19,4,0
2003,27,4,0
2003,17,4,0.266447775727941
2004,16,4,0.0675318648524151
2004,18,4,0.176041673410425
2004,21,4,0.179924519135088
2004,20,4,0
2004,22,4,1.12612181863659
2004,26,4,0
2004,23,4,0.461590393781771
2004,19,4,0
2004,27,4,0
2004,17,4,0.328074159902657
2005,16,4,0
2005,18,4,0.0798628822861356
2005,21,4,0.164719415989646
2005,20,4,0
2005,22,4,0.953827227786211
2005,26,4,0
2005,23,4,0.376813790182811
2005,19,4,0
2005,27,4,0
2005,17,4,0.287742497175829
2006,16,4,0
2006,18,4,0.138360555586252
2006,21,4,0.177618504597989
2006,20,4,0
2006,22,4,0.796861127531513
2006,26,4,0
2006,23,4,0.369762248725159
2006,19,4,0
2006,27,4,0
2006,17,4,0.311157659062142
2007,16,4,0
2007,18,4,0.0634594959135172
2007,21,4,0.196097170815935
2007,20,4,0
2007,22,4,0.868237792601483
2007,26,4,0
2007,23,4,0.381810330861573
2007,19,4,0
2007,27,4,0
2007,17,4,0.280892322133975
2008,16,4,0
2008,18,4,0.0569487921317626
2008,21,4,0.184064852386943
2008,20,4,0
2008,22,4,0.714672395757528
2008,26,4,0
2008,23,4,0.380134273532573
2008,19,4,0
2008,27,4,0
2008,17,4,0.327407784625526
2009,16,4,0
2009,18,4,0.111694615075768
2009,21,4,0.153913105532636
2009,20,4,0
2009,22,4,0.760081321325182
2009,26,4,0
2009,23,4,0.359952221681663
2009,19,4,0
2009,27,4,0
2009,17,4,0.259124725792195
2010,16,4,0
2010,18,4,0.0705613715932668
2010,21,4,0.121488648823712
2010,20,4,0
2010,22,4,0.67148745182847
2010,26,4,0
2010,23,4,0.335471579665157
2010,19,4,0
2010,27,4,0
2010,17,4,0.21990799960576
2011,16,4,0
2011,18,4,0.0813292559119928
2011,21,4,0.11845512679289
2011,20,4,0
2011,22,4,0.673502147790138
2011,26,4,0
2011,23,4,0.504869315290636
2011,19,4,0
2011,27,4,0
2011,17,4,0.237277053112136
2012,16,4,0
2012,18,4,0.0732019377467063
2012,21,4,0.116913225839909
2012,20,4,0
2012,22,4,0.627101223767534
2012,26,4,0
2012,23,4,0.535947704679381
2012,19,4,0
2012,27,4,0
2012,17,4,0.244064110452974
2013,16,4,0
2013,18,4,0.086845887028141
2013,21,4,0.129494381462231
2013,20,4,0
2013,22,4,0.656065837305567
2013,26,4,0
2013,23,4,0.458603102672724
2013,19,4,0
2013,27,4,0
2013,17,4,0.279323721738789
2014,16,4,0
2014,18,4,0.0674132109237479
2014,21,4,0.143431624644729
2014,20,4,0
2014,22,4,0.544821677040017
2014,26,4,0
2014,23,4,0.36649524982069
2014,19,4,0
2014,27,4,0
2014,17,4,0.29855593785853
2015,16,4,0.000427256345888322
2015,18,4,0.0368672190658698
2015,21,4,0.131017498859431
2015,20,4,0
2015,22,4,0.42744803947087
2015,26,4,0
2015,23,4,0.294002057996153
2015,19,4,0
2015,27,4,0
2015,17,4,0.260979061406123
2016,16,4,0
2016,18,4,0.0464483559896786
2016,21,4,0.146144554829185
2016,20,4,0
2016,22,4,0.70376805426297
2016,26,4,0
2016,23,4,0.429843977636977
2016,19,4,0
2016,27,4,0
2016,17,4,0.28853664186265
2017,16,4,0
2017,18,4,0.0252441283564652
2017,21,4,0.149918067636986
2017,20,4,0
2017,22,4,0.552078758827128
2017,26,4,0
2017,23,4,0.353467903242611
2017,19,4,0
2017,27,4,0
2017,17,4,0.256922019471908
2018,16,4,0
2018,18,4,0.0930337533670556
2018,21,4,0.163969240260715
2018,20,4,0
2018,22,4,0.594142760043019
2018,26,4,0
2018,23,4,0.41442183576251
2018,19,4,0
2018,27,4,0
2018,17,4,0.27715310882561
2019,16,4,0
2019,18,4,0.0493623526851928
2019,21,4,0.140044472928615
2019,20,4,0
2019,22,4,0.421486946424687
2019,26,4,0
2019,23,4,0.404937151906744
2019,19,4,0
2019,27,4,0
2019,17,4,0.270371085264503
1974,16,5,0
1974,18,5,0.0443393091849539
1974,21,5,0.173604291824002
1974,20,5,0
1974,26,5,0
1974,19,5,0
1974,27,5,0
1974,17,5,0.270177711399213
1975,16,5,0
1975,18,5,0.110316506458644
1975,21,5,0.149134572717218
1975,20,5,0
1975,26,5,0
1975,19,5,0
1975,27,5,0
1975,17,5,0.234699671282409
1976,16,5,0
1976,18,5,0.115523985651543
1976,21,5,0.125222223036833
1976,20,5,0
1976,26,5,0
1976,19,5,0
1976,27,5,0
1976,17,5,0.237835701462679
1977,16,5,0
1977,18,5,0.0953535405049152
1977,21,5,0.11755119104475
1977,20,5,0
1977,26,5,0
1977,19,5,0
1977,27,5,0
1977,17,5,0.18102300675219
1978,16,5,0
1978,18,5,0.0627085463296323
1978,21,5,0.124226876462465
1978,20,5,0
1978,26,5,0
1978,19,5,0
1978,27,5,0
1978,17,5,0.255641961397281
1979,16,5,0
1979,18,5,0.0677054293675553
1979,21,5,0.124527044014676
1979,20,5,0
1979,26,5,0
1979,19,5,0
1979,27,5,0
1979,17,5,0.260483739934697
1980,16,5,0
1980,18,5,0.0289666950835515
1980,21,5,0.109082986642332
1980,20,5,0
1980,26,5,0
1980,19,5,0
1980,27,5,0
1980,17,5,0.232596637133478
1981,16,5,0
1981,18,5,0.0249712565259659
1981,21,5,0.144103435293808
1981,20,5,0
1981,26,5,0
1981,19,5,0
1981,27,5,0
1981,17,5,0.258559730967289
1982,16,5,0
1982,18,5,0.0391620411966972
1982,21,5,0.125775602423428
1982,20,5,0
1982,26,5,0
1982,19,5,0
1982,27,5,0
1982,17,5,0.24993839547416
1983,16,5,0
1983,18,5,0.0378163620233128
1983,21,5,0.133902853999575
1983,20,5,0
1983,26,5,0
1983,19,5,0
1983,27,5,0
1983,17,5,0.233958922905986
1984,16,5,0
1984,18,5,0.0735478757542085
1984,21,5,0.101975617981823
1984,20,5,0
1984,26,5,0
1984,19,5,0
1984,27,5,0
1984,17,5,0.233007621230353
1985,16,5,0
1985,18,5,0.0436775827899424
1985,21,5,0.101841011803769
1985,20,5,0
1985,26,5,0
1985,19,5,0
1985,27,5,0
1985,17,5,0.215897089410979
1986,16,5,0
1986,18,5,0.0359757473423109
1986,21,5,0.082259470505066
1986,20,5,0
1986,26,5,0
1986,19,5,0
1986,27,5,0
1986,17,5,0.195489258542811
1987,16,5,0
1987,18,5,0.0230466048129253
1987,21,5,0.080997063139734
1987,20,5,0
1987,26,5,0
1987,19,5,0
1987,27,5,0
1987,17,5,0.191521353406611
1988,16,5,0
1988,18,5,0.063895269572826
1988,21,5,0.0919470951863335
1988,20,5,0
1988,26,5,0
1988,19,5,0
1988,27,5,0
1988,17,5,0.234571923804132
1989,16,5,0
1989,18,5,0.0329684305144616
1989,21,5,0.0843305651970485
1989,20,5,0
1989,26,5,0
1989,19,5,0
1989,27,5,0
1989,17,5,0.235073210560635
1990,16,5,0
1990,18,5,0.0389373194664461
1990,21,5,0.0762385614243074
1990,20,5,0
1990,26,5,0
1990,19,5,0
1990,27,5,0
1990,17,5,0.250688677265643
1991,16,5,0
1991,18,5,0.0656105026600732
1991,21,5,0.0763530279426989
1991,20,5,0
1991,26,5,0
1991,19,5,0
1991,27,5,0
1991,17,5,0.233425111844187
1992,16,5,0
1992,18,5,0.0192877019206319
1992,21,5,0.0822894907998737
1992,20,5,0
1992,26,5,0
1992,19,5,0
1992,27,5,0
1992,17,5,0.236150710538998
1993,16,5,0
1993,18,5,0.0198501500897868
1993,21,5,0.0933926146823914
1993,20,5,0
1993,26,5,0
1993,19,5,0
1993,27,5,0
1993,17,5,0.225392707926585
1994,16,5,0
1994,18,5,0.0314589470009373
1994,21,5,0.0799651241819518
1994,20,5,0
1994,26,5,0
1994,19,5,0
1994,27,5,0
1994,17,5,0.228935052820196
1995,16,5,0
1995,18,5,0.0295190970057549
1995,21,5,0.105441657452963
1995,20,5,0
1995,26,5,0
1995,19,5,0
1995,27,5,0
1995,17,5,0.205374142819361
1996,16,5,0
1996,18,5,0.0449729756487691
1996,21,5,0.104273292057218
1996,20,5,0
1996,26,5,0
1996,19,5,0
1996,27,5,0
1996,17,5,0.234940204901929
1997,16,5,0
1997,18,5,0.0476611293889966
1997,21,5,0.0802015285622438
1997,20,5,0
1997,26,5,0
1997,19,5,0
1997,27,5,0
1997,17,5,0.214568650881585
1998,16,5,0
1998,18,5,0.0511576020482225
1998,21,5,0.0716432245796961
1998,20,5,0
1998,26,5,0
1998,19,5,0
1998,27,5,0
1998,17,5,0.219567949600911
1999,16,5,0
1999,18,5,0.0678743203160331
1999,21,5,0.0805238286940041
1999,20,5,0
1999,26,5,0
1999,19,5,0
1999,27,5,0
1999,17,5,0.245675566661135
2000,16,5,0
2000,18,5,0.0347865391803501
2000,21,5,0.0694886766635295
2000,20,5,0
2000,26,5,0
2000,19,5,0
2000,27,5,0
2000,17,5,0.215721702176205
2001,16,5,0
2001,18,5,0.0424173325846989
2001,21,5,0.0791028110761403
2001,20,5,0
2001,26,5,0
2001,19,5,0
2001,27,5,0
2001,17,5,0.194919635646222
2002,16,5,0
2002,18,5,0.043925490846288
2002,21,5,0.110943830525131
2002,20,5,0
2002,26,5,0
2002,19,5,0
2002,27,5,0
2002,17,5,0.221358050482233
2003,16,5,0
2003,18,5,0.0589571350487875
2003,21,5,0.0892129840771471
2003,20,5,0
2003,26,5,0
2003,19,5,0
2003,27,5,0
2003,17,5,0.238815953681554
2004,16,5,0
2004,18,5,0.171703243827626
2004,21,5,0.13502423221542
2004,20,5,0
2004,26,5,0
2004,19,5,0
2004,27,5,0
2004,17,5,0.286493853678819
2005,16,5,0
2005,18,5,0.082160269220519
2005,21,5,0.135027840152896
2005,20,5,0
2005,26,5,0
2005,19,5,0
2005,27,5,0
2005,17,5,0.274889248340405
2006,16,5,0
2006,18,5,0.0665188408537976
2006,21,5,0.149348620817381
2006,20,5,0
2006,26,5,0
2006,19,5,0
2006,27,5,0
2006,17,5,0.287324573257114
2007,16,5,0
2007,18,5,0.0585531167567092
2007,21,5,0.15903968380538
2007,20,5,0
2007,26,5,0
2007,19,5,0
2007,27,5,0
2007,17,5,0.237071230892551
2008,16,5,0
2008,18,5,0.0569142579198967
2008,21,5,0.17036215045134
2008,20,5,0
2008,26,5,0
2008,19,5,0
2008,27,5,0
2008,17,5,0.248083677966768
2009,16,5,0
2009,18,5,0.0509435334700749
2009,21,5,0.135605159810755
2009,20,5,0
2009,26,5,0
2009,19,5,0
2009,27,5,0
2009,17,5,0.251988474762717
2010,16,5,0
2010,18,5,0.0704956099579812
2010,21,5,0.110273759172903
2010,20,5,0
2010,26,5,0
2010,19,5,0
2010,27,5,0
2010,17,5,0.210125443927943
2011,16,5,0
2011,18,5,0.0812473408090209
2011,21,5,0.105244114599165
2011,20,5,0
2011,26,5,0
2011,19,5,0
2011,27,5,0
2011,17,5,0.229442644894138
2012,16,5,0
2012,18,5,0.0622808475092906
2012,21,5,0.110006749107437
2012,20,5,0
2012,26,5,0
2012,19,5,0
2012,27,5,0
2012,17,5,0.244052939105596
2013,16,5,0
2013,18,5,0.0503125453781724
2013,21,5,0.120943232808086
2013,20,5,0
2013,26,5,0
2013,19,5,0
2013,27,5,0
2013,17,5,0.233991215132859
2014,16,5,0
2014,18,5,0.0747525634050981
2014,21,5,0.139094287059085
2014,20,5,0
2014,26,5,0
2014,19,5,0
2014,27,5,0
2014,17,5,0.224168353419825
2015,16,5,0
2015,18,5,0.0585949823893787
2015,21,5,0.12427169363067
2015,20,5,0
2015,26,5,0
2015,19,5,0
2015,27,5,0
2015,17,5,0.260895075905898
2016,16,5,0
2016,18,5,0.0142393052688059
2016,21,5,0.133934188847012
2016,20,5,0
2016,26,5,0
2016,19,5,0
2016,27,5,0
2016,17,5,0.277737395096897
2017,16,5,0
2017,18,5,0.006688222910037
2017,21,5,0.131310994158837
2017,20,5,0
2017,26,5,0
2017,19,5,0
2017,27,5,0
2017,17,5,0.222306535984359
2018,16,5,0
2018,18,5,0.00368455687543346
2018,21,5,0.153520849228207
2018,20,5,0
2018,26,5,0
2018,19,5,0
2018,27,5,0
2018,17,5,0.27268875504396
2019,16,5,0
2019,18,5,0.0493896586142864
2019,21,5,0.13557605033873
2019,20,5,0
2019,26,5,0
2019,19,5,0
2019,27,5,0
2019,17,5,0.235514706178457
1974,16,6,0
1974,18,6,0.0532644261243163
1974,21,6,0.166238690030096
1974,20,6,0
1974,26,6,0
1974,19,6,0
1974,27,6,0
1974,17,6,0.270910582273578
1975,16,6,0
1975,18,6,0.0155816060248934
1975,21,6,0.135070145160859
1975,20,6,0
1975,26,6,0
1975,19,6,0
1975,27,6,0
1975,17,6,0.224101701370466
1976,16,6,0
1976,18,6,0.0634525927456276
1976,21,6,0.115755808188282
1976,20,6,0
1976,26,6,0
1976,19,6,0
1976,27,6,0
1976,17,6,0.236999100514261
1977,16,6,0
1977,18,6,0.0775539217857861
1977,21,6,0.100213440314714
1977,20,6,0
1977,26,6,0
1977,19,6,0
1977,27,6,0
1977,17,6,0.181200079855658
1978,16,6,0
1978,18,6,0.0617437308783743
1978,21,6,0.115315775115346
1978,20,6,0
1978,26,6,0
1978,19,6,0
1978,27,6,0
1978,17,6,0.255836185458256
1979,16,6,0
1979,18,6,0.0308140192286655
1979,21,6,0.109660702229104
1979,20,6,0
1979,26,6,0
1979,19,6,0
1979,27,6,0
1979,17,6,0.233535275196403
1980,16,6,0
1980,18,6,0.0289594411448728
1980,21,6,0.0921129899848276
1980,20,6,0
1980,26,6,0
1980,19,6,0
1980,27,6,0
1980,17,6,0.19790021077648
1981,16,6,0
1981,18,6,0.0134243565138803
1981,21,6,0.117463709998037
1981,20,6,0
1981,26,6,0
1981,19,6,0
1981,27,6,0
1981,17,6,0.240004262063194
1982,16,6,0
1982,18,6,0.00701914938463013
1982,21,6,0.118407633314003
1982,20,6,0
1982,26,6,0
1982,19,6,0
1982,27,6,0
1982,17,6,0.201530397609224
1983,16,6,0
1983,18,6,0.0158660561922515
1983,21,6,0.102197273489406
1983,20,6,0
1983,26,6,0
1983,19,6,0
1983,27,6,0
1983,17,6,0.23038235145575
1984,16,6,0
1984,18,6,0.0283417364184967
1984,21,6,0.0912100759664634
1984,20,6,0
1984,26,6,0
1984,19,6,0
1984,27,6,0
1984,17,6,0.210546677311328
1985,16,6,0
1985,18,6,0.0341759405335465
1985,21,6,0.0831693348081829
1985,20,6,0
1985,26,6,0
1985,19,6,0
1985,27,6,0
1985,17,6,0.209875803734927
1986,16,6,0
1986,18,6,0.0146361895128726
1986,21,6,0.0743185402124495
1986,20,6,0
1986,26,6,0
1986,19,6,0
1986,27,6,0
1986,17,6,0.173663650352248
1987,16,6,0
1987,18,6,0.00886065195730757
1987,21,6,0.0762026795493184
1987,20,6,0
1987,26,6,0
1987,19,6,0
1987,27,6,0
1987,17,6,0.184192324537137
1988,16,6,0
1988,18,6,0.0107994503042052
1988,21,6,0.0844972526754373
1988,20,6,0
1988,26,6,0
1988,19,6,0
1988,27,6,0
1988,17,6,0.196552781813163
1989,16,6,0
1989,18,6,0.0255701291012924
1989,21,6,0.0686367152605448
1989,20,6,0
1989,26,6,0
1989,19,6,0
1989,27,6,0
1989,17,6,0.213618478618443
1990,16,6,0
1990,18,6,0.0164943734361183
1990,21,6,0.0664233795192469
1990,20,6,0
1990,26,6,0
1990,19,6,0
1990,27,6,0
1990,17,6,0.211722254975607
1991,16,6,0
1991,18,6,0.025417577815554
1991,21,6,0.0630871489417467
1991,20,6,0
1991,26,6,0
1991,19,6,0
1991,27,6,0
1991,17,6,0.233370205048178
1992,16,6,0
1992,18,6,0.0214482787857357
1992,21,6,0.0628411543011426
1992,20,6,0
1992,26,6,0
1992,19,6,0
1992,27,6,0
1992,17,6,0.225038091268739
1993,16,6,0
1993,18,6,0.0136610630952824
1993,21,6,0.0601107279261434
1993,20,6,0
1993,26,6,0
1993,19,6,0
1993,27,6,0
1993,17,6,0.212852332232284
1994,16,6,0
1994,18,6,0.00414333575235429
1994,21,6,0.0646227192425838
1994,20,6,0
1994,26,6,0
1994,19,6,0
1994,27,6,0
1994,17,6,0.229020099754283
1995,16,6,0
1995,18,6,0.00936814492637728
1995,21,6,0.0772874024551882
1995,20,6,0
1995,26,6,0
1995,19,6,0
1995,27,6,0
1995,17,6,0.197471913558079
1996,16,6,0
1996,18,6,0.0156825184699471
1996,21,6,0.0679555272399681
1996,20,6,0
1996,26,6,0
1996,19,6,0
1996,27,6,0
1996,17,6,0.218324703556435
1997,16,6,0
1997,18,6,0.0110831230031105
1997,21,6,0.0690836937086972
1997,20,6,0
1997,26,6,0
1997,19,6,0
1997,27,6,0
1997,17,6,0.199280754062568
1998,16,6,0
1998,18,6,0.0236484680665617
1998,21,6,0.0602263973301111
1998,20,6,0
1998,26,6,0
1998,19,6,0
1998,27,6,0
1998,17,6,0.207935599552068
1999,16,6,0
1999,18,6,0.0336249261622339
1999,21,6,0.0719259621532326
1999,20,6,0
1999,26,6,0
1999,19,6,0
1999,27,6,0
1999,17,6,0.233450019427059
2000,16,6,0
2000,18,6,0.0299346991892728
2000,21,6,0.0547118973891916
2000,20,6,0
2000,26,6,0
2000,19,6,0
2000,27,6,0
2000,17,6,0.209040317494842
2001,16,6,0
2001,18,6,0.0273586250688244
2001,21,6,0.0626633593494236
2001,20,6,0
2001,26,6,0
2001,19,6,0
2001,27,6,0
2001,17,6,0.189347050104426
2002,16,6,0
2002,18,6,0.0179966057240866
2002,21,6,0.0852617318015474
2002,20,6,0
2002,26,6,0
2002,19,6,0
2002,27,6,0
2002,17,6,0.216550299758872
2003,16,6,0
2003,18,6,0.0348309850333677
2003,21,6,0.0775357534809711
2003,20,6,0
2003,26,6,0
2003,19,6,0
2003,27,6,0
2003,17,6,0.205673277718011
2004,16,6,0
2004,18,6,0.0629248478867804
2004,21,6,0.125750278756785
2004,20,6,0
2004,26,6,0
2004,19,6,0
2004,27,6,0
2004,17,6,0.270597029146684
2005,16,6,0
2005,18,6,0.0798597363749469
2005,21,6,0.0975030940273264
2005,20,6,0
2005,26,6,0
2005,19,6,0
2005,27,6,0
2005,17,6,0.273328384767287
2006,16,6,0
2006,18,6,0.0665362820636827
2006,21,6,0.128928723193569
2006,20,6,0
2006,26,6,0
2006,19,6,0
2006,27,6,0
2006,17,6,0.234979263600451
2007,16,6,0
2007,18,6,0.0522330681149843
2007,21,6,0.14207035339863
2007,20,6,0
2007,26,6,0
2007,19,6,0
2007,27,6,0
2007,17,6,0.26068988361932
2008,16,6,0
2008,18,6,0.056947398045398
2008,21,6,0.149401946032865
2008,20,6,0
2008,26,6,0
2008,19,6,0
2008,27,6,0
2008,17,6,0.247990531499634
2009,16,6,0
2009,18,6,0.0217210469060229
2009,21,6,0.132145585318226
2009,20,6,0
2009,26,6,0
2009,19,6,0
2009,27,6,0
2009,17,6,0.252189306085218
2010,16,6,0
2010,18,6,0.0539997169654334
2010,21,6,0.109972456095913
2010,20,6,0
2010,26,6,0
2010,19,6,0
2010,27,6,0
2010,17,6,0.213884693941935
2011,16,6,0
2011,18,6,0.0734553683124106
2011,21,6,0.0982012736873998
2011,20,6,0
2011,26,6,0
2011,19,6,0
2011,27,6,0
2011,17,6,0.22930132338696
2012,16,6,0
2012,18,6,0.0622732456255293
2012,21,6,0.0974450617774425
2012,20,6,0
2012,26,6,0
2012,19,6,0
2012,27,6,0
2012,17,6,0.236211750119688
2013,16,6,0
2013,18,6,0.012073361731638
2013,21,6,0.0969456947557898
2013,20,6,0
2013,26,6,0
2013,19,6,0
2013,27,6,0
2013,17,6,0.0995861970184039
2014,16,6,0
2014,18,6,0.0334770035119332
2014,21,6,0.118966893884491
2014,20,6,0
2014,26,6,0
2014,19,6,0
2014,27,6,0
2014,17,6,0.180201338459682
2015,16,6,0
2015,18,6,0.0586358059294397
2015,21,6,0.119039711087812
2015,20,6,0
2015,26,6,0
2015,19,6,0
2015,27,6,0
2015,17,6,0.170493244958974
2016,16,6,0
2016,18,6,0.0103429354196712
2016,21,6,0.131475006689811
2016,20,6,0
2016,26,6,0
2016,19,6,0
2016,27,6,0
2016,17,6,0.250751471465589
2017,16,6,0
2017,18,6,0.00102685910768695
2017,21,6,0.12121855574687
2017,20,6,0
2017,26,6,0
2017,19,6,0
2017,27,6,0
2017,17,6,0.14306614538573
2018,16,6,0
2018,18,6,0.0036839656691176
2018,21,6,0.127392197205527
2018,20,6,0
2018,26,6,0
2018,19,6,0
2018,27,6,0
2018,17,6,0.0365507563881035
2019,16,6,0
2019,18,6,0.00522383378080561
2019,21,6,0.122990506236951
2019,20,6,0
2019,26,6,0
2019,19,6,0
2019,27,6,0
2019,17,6,0.212133121470827
1974,16,7,0
1974,18,7,0.0444310678139602
1974,21,7,0.157702175437085
1974,20,7,0
1974,26,7,0
1974,19,7,0
1974,27,7,0
1974,17,7,0.158718994792208
1975,16,7,0
1975,18,7,0.0421105748189919
1975,21,7,0.131421432574974
1975,20,7,0
1975,26,7,0
1975,19,7,0
1975,27,7,0
1975,17,7,0.124721529021592
1976,16,7,0
1976,18,7,0.00263737044941795
1976,21,7,0.111605809292786
1976,20,7,0
1976,26,7,0
1976,19,7,0
1976,27,7,0
1976,17,7,0.117482052556308
1977,16,7,0
1977,18,7,0.042243881106558
1977,21,7,0.0962158323343726
1977,20,7,0
1977,26,7,0
1977,19,7,0
1977,27,7,0
1977,17,7,0.108180708906306
1978,16,7,0
1978,18,7,0.0369177438216659
1978,21,7,0.110108453129317
1978,20,7,0
1978,26,7,0
1978,19,7,0
1978,27,7,0
1978,17,7,0.107348216814534
1979,16,7,0
1979,18,7,0.0140806724047557
1979,21,7,0.0987970457524629
1979,20,7,0
1979,26,7,0
1979,19,7,0
1979,27,7,0
1979,17,7,0.0639038827814631
1980,16,7,0
1980,18,7,0.00837273896971354
1980,21,7,0.0848847579253649
1980,20,7,0
1980,26,7,0
1980,19,7,0
1980,27,7,0
1980,17,7,0.125272321389745
1981,16,7,0
1981,18,7,0.0167395727037194
1981,21,7,0.10941969141885
1981,20,7,0
1981,26,7,0
1981,19,7,0
1981,27,7,0
1981,17,7,0.184563117330231
1982,16,7,0
1982,18,7,0.0060231963013349
1982,21,7,0.0982647273897688
1982,20,7,0
1982,26,7,0
1982,19,7,0
1982,27,7,0
1982,17,7,0.0713176131837962
1983,16,7,0
1983,18,7,0.0158429636050148
1983,21,7,0.0970879006984727
1983,20,7,0
1983,26,7,0
1983,19,7,0
1983,27,7,0
1983,17,7,0.153574117860137
1984,16,7,0
1984,18,7,0.0133077492350811
1984,21,7,0.0821057526530384
1984,20,7,0
1984,26,7,0
1984,19,7,0
1984,27,7,0
1984,17,7,0.124787673097095
1985,16,7,0
1985,18,7,0.0104400680643207
1985,21,7,0.0761926500640913
1985,20,7,0
1985,26,7,0
1985,19,7,0
1985,27,7,0
1985,17,7,0.0796955025100512
1986,16,7,0
1986,18,7,0.0170629452125378
1986,21,7,0.0680521127579606
1986,20,7,0
1986,26,7,0
1986,19,7,0
1986,27,7,0
1986,17,7,0.0475468458950688
1987,16,7,0
1987,18,7,0.00748942676207096
1987,21,7,0.0654774393468048
1987,20,7,0
1987,26,7,0
1987,19,7,0
1987,27,7,0
1987,17,7,0.0378395944749512
1988,16,7,0
1988,18,7,0.00415615313623501
1988,21,7,0.0746286443533616
1988,20,7,0
1988,26,7,0
1988,19,7,0
1988,27,7,0
1988,17,7,0.0331854499280644
1989,16,7,0
1989,18,7,0.00677545622661777
1989,21,7,0.0675021865539594
1989,20,7,0
1989,26,7,0
1989,19,7,0
1989,27,7,0
1989,17,7,0.181881672806177
1990,16,7,0
1990,18,7,0.0111348938113571
1990,21,7,0.0664085261013851
1990,20,7,0
1990,26,7,0
1990,19,7,0
1990,27,7,0
1990,17,7,0.0470033405899557
1991,16,7,0
1991,18,7,0.00675581175880837
1991,21,7,0.0619433108617376
1991,20,7,0
1991,26,7,0
1991,19,7,0
1991,27,7,0
1991,17,7,0.21034630727517
1992,16,7,0
1992,18,7,0.0035624603852369
1992,21,7,0.0549558335522559
1992,20,7,0
1992,26,7,0
1992,19,7,0
1992,27,7,0
1992,17,7,0.225038091869432
1993,16,7,0
1993,18,7,0.0128975560568105
1993,21,7,0.0601107561169403
1993,20,7,0
1993,26,7,0
1993,19,7,0
1993,27,7,0
1993,17,7,0.201141258369435
1994,16,7,0
1994,18,7,0.00316981319572105
1994,21,7,0.0610260156149172
1994,20,7,0
1994,26,7,0
1994,19,7,0
1994,27,7,0
1994,17,7,0.200119842887796
1995,16,7,0
1995,18,7,0.00231121645403807
1995,21,7,0.0564797712677238
1995,20,7,0
1995,26,7,0
1995,19,7,0
1995,27,7,0
1995,17,7,0.16724958060734
1996,16,7,0
1996,18,7,0.0266470615176117
1996,21,7,0.0596892123161872
1996,20,7,0
1996,26,7,0
1996,19,7,0
1996,27,7,0
1996,17,7,0.185316489751461
1997,16,7,0
1997,18,7,0.0111317598044967
1997,21,7,0.0628621951242148
1997,20,7,0
1997,26,7,0
1997,19,7,0
1997,27,7,0
1997,17,7,0.194000107641885
1998,16,7,0
1998,18,7,0.00417973361394935
1998,21,7,0.0602263534018826
1998,20,7,0
1998,26,7,0
1998,19,7,0
1998,27,7,0
1998,17,7,0.207935594528655
1999,16,7,0
1999,18,7,0.0296726166816464
1999,21,7,0.0704726920563525
1999,20,7,0
1999,26,7,0
1999,19,7,0
1999,27,7,0
1999,17,7,0.227773908039066
2000,16,7,0
2000,18,7,0.00298443625171365
2000,21,7,0.0487431038081867
2000,20,7,0
2000,26,7,0
2000,19,7,0
2000,27,7,0
2000,17,7,0.207054139807105
2001,16,7,0
2001,18,7,0.00424318448725374
2001,21,7,0.0579193612856158
2001,20,7,0
2001,26,7,0
2001,19,7,0
2001,27,7,0
2001,17,7,0.189347050174767
2002,16,7,0
2002,18,7,0.0188147881219396
2002,21,7,0.0712513298547077
2002,20,7,0
2002,26,7,0
2002,19,7,0
2002,27,7,0
2002,17,7,0.183595486933309
2003,16,7,0
2003,18,7,0.00279007445045625
2003,21,7,0.0640362078695593
2003,20,7,0
2003,26,7,0
2003,19,7,0
2003,27,7,0
2003,17,7,0.203175254730459
2004,16,7,0
2004,18,7,0.0043853515144594
2004,21,7,0.0999721871034859
2004,20,7,0
2004,26,7,0
2004,19,7,0
2004,27,7,0
2004,17,7,0.266973612001221
2005,16,7,0
2005,18,7,0.00816537238521882
2005,21,7,0.0854930232146562
2005,20,7,0
2005,26,7,0
2005,19,7,0
2005,27,7,0
2005,17,7,0.273328386577759
2006,16,7,0
2006,18,7,0.064797180770944
2006,21,7,0.110159986753794
2006,20,7,0
2006,26,7,0
2006,19,7,0
2006,27,7,0
2006,17,7,0.234979237690415
2007,16,7,0
2007,18,7,0.0520463786065124
2007,21,7,0.12817679971668
2007,20,7,0
2007,26,7,0
2007,19,7,0
2007,27,7,0
2007,17,7,0.237074334432919
2008,16,7,0
2008,18,7,0.00511563581102718
2008,21,7,0.143359084087657
2008,20,7,0
2008,26,7,0
2008,19,7,0
2008,27,7,0
2008,17,7,0.262728803454636
2009,16,7,0
2009,18,7,0.00803473832953767
2009,21,7,0.130488107135919
2009,20,7,0
2009,26,7,0
2009,19,7,0
2009,27,7,0
2009,17,7,0.252189293725119
2010,16,7,0
2010,18,7,0.00455320314604348
2010,21,7,0.105150668568459
2010,20,7,0
2010,26,7,0
2010,19,7,0
2010,27,7,0
2010,17,7,0.0790680185646078
2011,16,7,0
2011,18,7,0.0642341256255829
2011,21,7,0.0924266205465218
2011,20,7,0
2011,26,7,0
2011,19,7,0
2011,27,7,0
2011,17,7,0.229301324250081
2012,16,7,0
2012,18,7,0.062334328433952
2012,21,7,0.09891766892337
2012,20,7,0
2012,26,7,0
2012,19,7,0
2012,27,7,0
2012,17,7,0.188141907902118
2013,16,7,0
2013,18,7,0.0351611637801746
2013,21,7,0.0903984098013421
2013,20,7,0
2013,26,7,0
2013,19,7,0
2013,27,7,0
2013,17,7,0.0955057425575773
2014,16,7,0
2014,18,7,0.0222731539065876
2014,21,7,0.112087656174671
2014,20,7,0
2014,26,7,0
2014,19,7,0
2014,27,7,0
2014,17,7,0.0266967359889328
2015,16,7,0
2015,18,7,0.0583627173559116
2015,21,7,0.116793938019067
2015,20,7,0
2015,26,7,0
2015,19,7,0
2015,27,7,0
2015,17,7,0.0881845064046378
2016,16,7,0
2016,18,7,0.0578160971695042
2016,21,7,0.131982068793585
2016,20,7,0
2016,26,7,0
2016,19,7,0
2016,27,7,0
2016,17,7,0.0381387295557626
2017,16,7,0
2017,18,7,0.00671266046727239
2017,21,7,0.121498101935378
2017,20,7,0
2017,26,7,0
2017,19,7,0
2017,27,7,0
2017,17,7,0.143066084872267
2018,16,7,0
2018,18,7,0.00271156107851264
2018,21,7,0.126544197223754
2018,20,7,0
2018,26,7,0
2018,19,7,0
2018,27,7,0
2018,17,7,0.0962958612578601
2019,16,7,0
2019,18,7,0.007107832952373
2019,21,7,0.118986380063759
2019,20,7,0
2019,26,7,0
2019,19,7,0
2019,27,7,0
2019,17,7,0.1367097216079
1974,16,8,0
1974,18,8,0.0159402940546786
1974,21,8,0.157694730671719
1974,20,8,0
1974,26,8,0
1974,19,8,0
1974,27,8,0
1974,17,8,0.0598162932180429
1975,16,8,0
1975,18,8,0.042110569903397
1975,21,8,0.130146318450088
1975,20,8,0
1975,26,8,0
1975,19,8,0
1975,27,8,0
1975,17,8,0.058081127780692
1976,16,8,0
1976,18,8,0.00437314484018234
1976,21,8,0.111597274272509
1976,20,8,0
1976,26,8,0
1976,19,8,0
1976,27,8,0
1976,17,8,0.0545722401505177
1977,16,8,0
1977,18,8,0.00208242936542297
1977,21,8,0.0944172994544133
1977,20,8,0
1977,26,8,0
1977,19,8,0
1977,27,8,0
1977,17,8,0.0526015015531517
1978,16,8,0
1978,18,8,0.0130679625184248
1978,21,8,0.110104877235968
1978,20,8,0
1978,26,8,0
1978,19,8,0
1978,27,8,0
1978,17,8,0.0398020284228356
1979,16,8,0
1979,18,8,0.0140806718662563
1979,21,8,0.0987970487450113
1979,20,8,0
1979,26,8,0
1979,19,8,0
1979,27,8,0
1979,17,8,0.0438439331545534
1980,16,8,0
1980,18,8,0.0054910548834488
1980,21,8,0.0848847823513992
1980,20,8,0
1980,26,8,0
1980,19,8,0
1980,27,8,0
1980,17,8,0.0516032067848059
1981,16,8,0
1981,18,8,0.00404430251517891
1981,21,8,0.109419664001602
1981,20,8,0
1981,26,8,0
1981,19,8,0
1981,27,8,0
1981,17,8,0.0507337217003843
1982,16,8,0
1982,18,8,0.00602319618310839
1982,21,8,0.0982647177399034
1982,20,8,0
1982,26,8,0
1982,19,8,0
1982,27,8,0
1982,17,8,0.0381923122407173
1983,16,8,0
1983,18,8,0.00232306636751222
1983,21,8,0.0914106454003039
1983,20,8,0
1983,26,8,0
1983,19,8,0
1983,27,8,0
1983,17,8,0.0572591338875031
1984,16,8,0
1984,18,8,0.000959184946560288
1984,21,8,0.0730821883003535
1984,20,8,0
1984,26,8,0
1984,19,8,0
1984,27,8,0
1984,17,8,0.0429026377013805
1985,16,8,0
1985,18,8,0.00410461026286402
1985,21,8,0.0579846912353748
1985,20,8,0
1985,26,8,0
1985,19,8,0
1985,27,8,0
1985,17,8,0.0796955088768886
1986,16,8,0
1986,18,8,0.00544575264039159
1986,21,8,0.0542789634277793
1986,20,8,0
1986,26,8,0
1986,19,8,0
1986,27,8,0
1986,17,8,0.0285916865565782
1987,16,8,0
1987,18,8,0.00889806038728427
1987,21,8,0.0590511295509201
1987,20,8,0
1987,26,8,0
1987,19,8,0
1987,27,8,0
1987,17,8,0.0293536465151682
1988,16,8,0
1988,18,8,0.00793111565332767
1988,21,8,0.0688993857280556
1988,20,8,0
1988,26,8,0
1988,19,8,0
1988,27,8,0
1988,17,8,0.0278091332613939
1989,16,8,0
1989,18,8,0.00158319416820731
1989,21,8,0.0603448252815703
1989,20,8,0
1989,26,8,0
1989,19,8,0
1989,27,8,0
1989,17,8,0.18188166472275
1990,16,8,0
1990,18,8,0.00261323956355263
1990,21,8,0.0580016018620986
1990,20,8,0
1990,26,8,0
1990,19,8,0
1990,27,8,0
1990,17,8,0.0328595101280831
1991,16,8,0
1991,18,8,0.00473223542444245
1991,21,8,0.0557149614113746
1991,20,8,0
1991,26,8,0
1991,19,8,0
1991,27,8,0
1991,17,8,0.147590128545921
1992,16,8,0
1992,18,8,0.0014595451356867
1992,21,8,0.0479960952263659
1992,20,8,0
1992,26,8,0
1992,19,8,0
1992,27,8,0
1992,17,8,0.0378546847627023
1993,16,8,0
1993,18,8,0.000968525031447903
1993,21,8,0.0532831468699426
1993,20,8,0
1993,26,8,0
1993,19,8,0
1993,27,8,0
1993,17,8,0.171166326940805
1994,16,8,0
1994,18,8,0.0031698132654208
1994,21,8,0.0551649754065204
1994,20,8,0
1994,26,8,0
1994,19,8,0
1994,27,8,0
1994,17,8,0.0335280088551268
1995,16,8,0
1995,18,8,0.00500902067691973
1995,21,8,0.0548853966128446
1995,20,8,0
1995,26,8,0
1995,19,8,0
1995,27,8,0
1995,17,8,0.0872556394472511
1996,16,8,0
1996,18,8,0.000349139475212972
1996,21,8,0.059671244990525
1996,20,8,0
1996,26,8,0
1996,19,8,0
1996,27,8,0
1996,17,8,0.0341919276273077
1997,16,8,0
1997,18,8,0.00207329615956897
1997,21,8,0.050799493869045
1997,20,8,0
1997,26,8,0
1997,19,8,0
1997,27,8,0
1997,17,8,0.0912767121634031
1998,16,8,0
1998,18,8,0.00417973353946693
1998,21,8,0.0586343392973552
1998,20,8,0
1998,26,8,0
1998,19,8,0
1998,27,8,0
1998,17,8,0.201536103097677
1999,16,8,0
1999,18,8,0.0227110152034457
1999,21,8,0.0704726834855147
1999,20,8,0
1999,26,8,0
1999,19,8,0
1999,27,8,0
1999,17,8,0.227773921027914
2000,16,8,0
2000,18,8,0.00691199141198746
2000,21,8,0.0487431771900083
2000,20,8,0
2000,26,8,0
2000,19,8,0
2000,27,8,0
2000,17,8,0.204942330918964
2001,16,8,0
2001,18,8,0
2001,21,8,0.0579194031238759
2001,20,8,0
2001,26,8,0
2001,19,8,0
2001,27,8,0
2001,17,8,0.179820001862181
2002,16,8,0
2002,18,8,0.000831785826282931
2002,21,8,0.0607058062765977
2002,20,8,0
2002,26,8,0
2002,19,8,0
2002,27,8,0
2002,17,8,0.183595485173914
2003,16,8,0
2003,18,8,0.000668639622235411
2003,21,8,0.0572467309536374
2003,20,8,0
2003,26,8,0
2003,19,8,0
2003,27,8,0
2003,17,8,0.203175262689034
2004,16,8,0
2004,18,8,0.00131143676863829
2004,21,8,0.0926532382248594
2004,20,8,0
2004,26,8,0
2004,19,8,0
2004,27,8,0
2004,17,8,0.261710583685846
2005,16,8,0
2005,18,8,0.00194929004242705
2005,21,8,0.0755475784342784
2005,20,8,0
2005,26,8,0
2005,19,8,0
2005,27,8,0
2005,17,8,0.230757022094358
2006,16,8,0
2006,18,8,0.00362494157596032
2006,21,8,0.107482215400278
2006,20,8,0
2006,26,8,0
2006,19,8,0
2006,27,8,0
2006,17,8,0.234979250490152
2007,16,8,0
2007,18,8,0.0401534933737457
2007,21,8,0.113853180311903
2007,20,8,0
2007,26,8,0
2007,19,8,0
2007,27,8,0
2007,17,8,0.233297791507204
2008,16,8,0
2008,18,8,0.00511563413411783
2008,21,8,0.127935832976258
2008,20,8,0
2008,26,8,0
2008,19,8,0
2008,27,8,0
2008,17,8,0.247990532118256
2009,16,8,0
2009,18,8,0.00106673631075205
2009,21,8,0.109304193514565
2009,20,8,0
2009,26,8,0
2009,19,8,0
2009,27,8,0
2009,17,8,0.252189303660565
2010,16,8,0
2010,18,8,0.000726544794509648
2010,21,8,0.0914245216768969
2010,20,8,0
2010,26,8,0
2010,19,8,0
2010,27,8,0
2010,17,8,0.213884704640012
2011,16,8,0
2011,18,8,0.0114054780115972
2011,21,8,0.0901210360139679
2011,20,8,0
2011,26,8,0
2011,19,8,0
2011,27,8,0
2011,17,8,0.229301338951576
2012,16,8,0
2012,18,8,0.000813664951288224
2012,21,8,0.0927756688476846
2012,20,8,0
2012,26,8,0
2012,19,8,0
2012,27,8,0
2012,17,8,0.188141939682404
2013,16,8,0
2013,18,8,0.0351611477150904
2013,21,8,0.0932845373129
2013,20,8,0
2013,26,8,0
2013,19,8,0
2013,27,8,0
2013,17,8,0.192088018952034
2014,16,8,0
2014,18,8,0.0107954716734276
2014,21,8,0.102054289494947
2014,20,8,0
2014,26,8,0
2014,19,8,0
2014,27,8,0
2014,17,8,0.180201306272797
2015,16,8,0
2015,18,8,0.00494211235885777
2015,21,8,0.108015922322522
2015,20,8,0
2015,26,8,0
2015,19,8,0
2015,27,8,0
2015,17,8,0.177522630685045
2016,16,8,0
2016,18,8,0.0332515681981401
2016,21,8,0.125742275890477
2016,20,8,0
2016,26,8,0
2016,19,8,0
2016,27,8,0
2016,17,8,0.0381387283155285
2017,16,8,0
2017,18,8,0.00671266118676303
2017,21,8,0.120952581059358
2017,20,8,0
2017,26,8,0
2017,19,8,0
2017,27,8,0
2017,17,8,0.043155922441928
2018,16,8,0
2018,18,8,0.000695711610864324
2018,21,8,0.114109943520087
2018,20,8,0
2018,26,8,0
2018,19,8,0
2018,27,8,0
2018,17,8,0.0318839376151404
2019,16,8,0
2019,18,8,0.000886858405465756
2019,21,8,0.111903579394978
2019,20,8,0
2019,26,8,0
2019,19,8,0
2019,27,8,0
2019,17,8,0.136709769445143
1974,16,9,0
1974,18,9,0.00422985903320771
1974,20,9,0
1974,26,9,0
1974,19,9,0
1974,27,9,0
1975,16,9,0
1975,18,9,0.00651246893120458
1975,20,9,0
1975,26,9,0
1975,19,9,0
1975,27,9,0
1976,16,9,0
1976,18,9,0.0213677486881538
1976,20,9,0
1976,26,9,0
1976,19,9,0
1976,27,9,0
1977,16,9,0
1977,18,9,0
1977,20,9,0
1977,26,9,0
1977,19,9,0
1977,27,9,0
1978,16,9,0
1978,18,9,0
1978,20,9,0
1978,26,9,0
1978,19,9,0
1978,27,9,0
1979,16,9,0
1979,18,9,0.00941858433775302
1979,20,9,0
1979,26,9,0
1979,19,9,0
1979,27,9,0
1980,16,9,0
1980,18,9,0.00549105514482317
1980,20,9,0
1980,26,9,0
1980,19,9,0
1980,27,9,0
1981,16,9,0
1981,18,9,0.00254025091002633
1981,20,9,0
1981,26,9,0
1981,19,9,0
1981,27,9,0
1982,16,9,0
1982,18,9,0
1982,20,9,0
1982,26,9,0
1982,19,9,0
1982,27,9,0
1983,16,9,0
1983,18,9,0.00454781593119679
1983,20,9,0
1983,26,9,0
1983,19,9,0
1983,27,9,0
1984,16,9,0
1984,18,9,0
1984,20,9,0
1984,26,9,0
1984,19,9,0
1984,27,9,0
1985,16,9,0
1985,18,9,0.000510881384818284
1985,20,9,0
1985,26,9,0
1985,19,9,0
1985,27,9,0
1986,16,9,0
1986,18,9,0.00813196025727229
1986,20,9,0
1986,26,9,0
1986,19,9,0
1986,27,9,0
1987,16,9,0
1987,18,9,0.00659196267967695
1987,20,9,0
1987,26,9,0
1987,19,9,0
1987,27,9,0
1988,16,9,0
1988,18,9,0.0205955694980151
1988,20,9,0
1988,26,9,0
1988,19,9,0
1988,27,9,0
1989,16,9,0
1989,18,9,0.00158319385135921
1989,20,9,0
1989,26,9,0
1989,19,9,0
1989,27,9,0
1990,16,9,0
1990,18,9,0.000696195893566701
1990,20,9,0
1990,26,9,0
1990,19,9,0
1990,27,9,0
1991,16,9,0
1991,18,9,0.00139987074563165
1991,20,9,0
1991,26,9,0
1991,19,9,0
1991,27,9,0
1992,16,9,0
1992,18,9,0.000488007632375779
1992,20,9,0
1992,26,9,0
1992,19,9,0
1992,27,9,0
1993,16,9,0
1993,18,9,0.000968525002318391
1993,20,9,0
1993,26,9,0
1993,19,9,0
1993,27,9,0
1994,16,9,0
1994,18,9,0.00142756026415428
1994,20,9,0
1994,26,9,0
1994,19,9,0
1994,27,9,0
1995,16,9,0
1995,18,9,0.00365531708837505
1995,20,9,0
1995,26,9,0
1995,19,9,0
1995,27,9,0
1996,16,9,0
1996,18,9,0.000586237419232599
1996,20,9,0
1996,26,9,0
1996,19,9,0
1996,27,9,0
1997,16,9,0
1997,18,9,0
1997,20,9,0
1997,26,9,0
1997,19,9,0
1997,27,9,0
1998,16,9,0
1998,18,9,0.00202769614919452
1998,20,9,0
1998,26,9,0
1998,19,9,0
1998,27,9,0
1999,16,9,0
1999,18,9,0.0014351118723875
1999,20,9,0
1999,26,9,0
1999,19,9,0
1999,27,9,0
2000,16,9,0
2000,18,9,7.03261691467324e-05
2000,20,9,0
2000,26,9,0
2000,19,9,0
2000,27,9,0
2001,16,9,0
2001,18,9,0.00197094780635678
2001,20,9,0
2001,26,9,0
2001,19,9,0
2001,27,9,0
2002,16,9,0
2002,18,9,0
2002,20,9,0
2002,26,9,0
2002,19,9,0
2002,27,9,0
2003,16,9,0
2003,18,9,0.000416130378341135
2003,20,9,0
2003,26,9,0
2003,19,9,0
2003,27,9,0
2004,16,9,0
2004,18,9,0.000144759474124622
2004,20,9,0
2004,26,9,0
2004,19,9,0
2004,27,9,0
2005,16,9,0
2005,18,9,0.00065199149706049
2005,20,9,0
2005,26,9,0
2005,19,9,0
2005,27,9,0
2006,16,9,0
2006,18,9,0.000608432509723549
2006,20,9,0
2006,26,9,0
2006,19,9,0
2006,27,9,0
2007,16,9,0
2007,18,9,0.00771812200073499
2007,20,9,0
2007,26,9,0
2007,19,9,0
2007,27,9,0
2008,16,9,0
2008,18,9,0.00689964091583227
2008,20,9,0
2008,26,9,0
2008,19,9,0
2008,27,9,0
2009,16,9,0
2009,18,9,0.00119703905019616
2009,20,9,0
2009,26,9,0
2009,19,9,0
2009,27,9,0
2010,16,9,0
2010,18,9,0.000557695993546702
2010,20,9,0
2010,26,9,0
2010,19,9,0
2010,27,9,0
2011,16,9,0
2011,18,9,0.0724251037754362
2011,20,9,0
2011,26,9,0
2011,19,9,0
2011,27,9,0
2012,16,9,0
2012,18,9,0.010053819675894
2012,20,9,0
2012,26,9,0
2012,19,9,0
2012,27,9,0
2013,16,9,0
2013,18,9,0.00860418773981952
2013,20,9,0
2013,26,9,0
2013,19,9,0
2013,27,9,0
2014,16,9,0
2014,18,9,0.0259334341358913
2014,20,9,0
2014,26,9,0
2014,19,9,0
2014,27,9,0
2015,16,9,0
2015,18,9,0.0494304300314167
2015,20,9,0
2015,26,9,0
2015,19,9,0
2015,27,9,0
2016,16,9,0
2016,18,9,0.00401224893294987
2016,20,9,0
2016,26,9,0
2016,19,9,0
2016,27,9,0
2017,16,9,0
2017,18,9,0.0517889572535261
2017,20,9,0
2017,26,9,0
2017,19,9,0
2017,27,9,0
2018,16,9,0
2018,18,9,0.020002285374919
2018,20,9,0
2018,26,9,0
2018,19,9,0
2018,27,9,0
2019,16,9,0
2019,18,9,0
2019,20,9,0
2019,26,9,0
2019,19,9,0
2019,27,9,0
1974,16,10,0
1974,18,10,0
1974,20,10,0
1974,26,10,0
1974,19,10,0
1974,27,10,0
1975,16,10,0
1975,18,10,0
1975,20,10,0
1975,26,10,0
1975,19,10,0
1975,27,10,0
1976,16,10,0
1976,18,10,0
1976,20,10,0
1976,26,10,0
1976,19,10,0
1976,27,10,0
1977,16,10,0
1977,18,10,0.00359604501600346
1977,20,10,0
1977,26,10,0
1977,19,10,0
1977,27,10,0
1978,16,10,0
1978,18,10,0.0119754400940926
1978,20,10,0
1978,26,10,0
1978,19,10,0
1978,27,10,0
1979,16,10,0
1979,18,10,0.0017104522068057
1979,20,10,0
1979,26,10,0
1979,19,10,0
1979,27,10,0
1980,16,10,0
1980,18,10,0
1980,20,10,0
1980,26,10,0
1980,19,10,0
1980,27,10,0
1981,16,10,0
1981,18,10,0.00254025126655907
1981,20,10,0
1981,26,10,0
1981,19,10,0
1981,27,10,0
1982,16,10,0
1982,18,10,0
1982,20,10,0
1982,26,10,0
1982,19,10,0
1982,27,10,0
1983,16,10,0
1983,18,10,0.00210254815174233
1983,20,10,0
1983,26,10,0
1983,19,10,0
1983,27,10,0
1984,16,10,0
1984,18,10,0.00132389596761265
1984,20,10,0
1984,26,10,0
1984,19,10,0
1984,27,10,0
1985,16,10,0
1985,18,10,0.00051088155268697
1985,20,10,0
1985,26,10,0
1985,19,10,0
1985,27,10,0
1986,16,10,0
1986,18,10,0
1986,20,10,0
1986,26,10,0
1986,19,10,0
1986,27,10,0
1987,16,10,0
1987,18,10,0.000979668267772697
1987,20,10,0
1987,26,10,0
1987,19,10,0
1987,27,10,0
1988,16,10,0
1988,18,10,0.000893723505801612
1988,20,10,0
1988,26,10,0
1988,19,10,0
1988,27,10,0
1989,16,10,0
1989,18,10,0.00871471523658275
1989,20,10,0
1989,26,10,0
1989,19,10,0
1989,27,10,0
1990,16,10,0
1990,18,10,0.000696195651534618
1990,20,10,0
1990,26,10,0
1990,19,10,0
1990,27,10,0
1991,16,10,0
1991,18,10,0
1991,20,10,0
1991,26,10,0
1991,19,10,0
1991,27,10,0
1992,16,10,0
1992,18,10,0
1992,20,10,0
1992,26,10,0
1992,19,10,0
1992,27,10,0
1993,16,10,0
1993,18,10,0
1993,20,10,0
1993,26,10,0
1993,19,10,0
1993,27,10,0
1994,16,10,0
1994,18,10,0
1994,20,10,0
1994,26,10,0
1994,19,10,0
1994,27,10,0
1995,16,10,0
1995,18,10,0
1995,20,10,0
1995,26,10,0
1995,19,10,0
1995,27,10,0
1996,16,10,0
1996,18,10,0
1996,20,10,0
1996,26,10,0
1996,19,10,0
1996,27,10,0
1997,16,10,0
1997,18,10,0
1997,20,10,0
1997,26,10,0
1997,19,10,0
1997,27,10,0
1998,16,10,0
1998,18,10,0
1998,20,10,0
1998,26,10,0
1998,19,10,0
1998,27,10,0
1999,16,10,0
1999,18,10,0
1999,20,10,0
1999,26,10,0
1999,19,10,0
1999,27,10,0
2000,16,10,0
2000,18,10,0
2000,20,10,0
2000,26,10,0
2000,19,10,0
2000,27,10,0
2001,16,10,0
2001,18,10,0
2001,20,10,0
2001,26,10,0
2001,19,10,0
2001,27,10,0
2002,16,10,0
2002,18,10,0
2002,20,10,0
2002,26,10,0
2002,19,10,0
2002,27,10,0
2003,16,10,0
2003,18,10,0
2003,20,10,0
2003,26,10,0
2003,19,10,0
2003,27,10,0
2004,16,10,0
2004,18,10,0
2004,20,10,0
2004,26,10,0
2004,19,10,0
2004,27,10,0
2005,16,10,0
2005,18,10,0
2005,20,10,0
2005,26,10,0
2005,19,10,0
2005,27,10,0
2006,16,10,0
2006,18,10,0
2006,20,10,0
2006,26,10,0
2006,19,10,0
2006,27,10,0
2007,16,10,0
2007,18,10,0.000335582001983321
2007,20,10,0
2007,26,10,0
2007,19,10,0
2007,27,10,0
2008,16,10,0
2008,18,10,0.000141537234403686
2008,20,10,0
2008,26,10,0
2008,19,10,0
2008,27,10,0
2009,16,10,0
2009,18,10,0.00181593188858129
2009,20,10,0
2009,26,10,0
2009,19,10,0
2009,27,10,0
2010,16,10,0
2010,18,10,0.000557695783082662
2010,20,10,0
2010,26,10,0
2010,19,10,0
2010,27,10,0
2011,16,10,0
2011,18,10,0.000130444699999409
2011,20,10,0
2011,26,10,0
2011,19,10,0
2011,27,10,0
2012,16,10,0
2012,18,10,0
2012,20,10,0
2012,26,10,0
2012,19,10,0
2012,27,10,0
2013,16,10,0
2013,18,10,0.000182434807495595
2013,20,10,0
2013,26,10,0
2013,19,10,0
2013,27,10,0
2014,16,10,0
2014,18,10,0.000231766071447434
2014,20,10,0
2014,26,10,0
2014,19,10,0
2014,27,10,0
2015,16,10,0
2015,18,10,0.0523955054184773
2015,20,10,0
2015,26,10,0
2015,19,10,0
2015,27,10,0
2016,16,10,0
2016,18,10,0.000872067706619458
2016,20,10,0
2016,26,10,0
2016,19,10,0
2016,27,10,0
2017,16,10,0
2017,18,10,0.000584663148650903
2017,20,10,0
2017,26,10,0
2017,19,10,0
2017,27,10,0
2018,16,10,0
2018,18,10,0.000695711692844606
2018,20,10,0
2018,26,10,0
2018,19,10,0
2018,27,10,0
2019,16,10,0
2019,18,10,0.00105066994239562
2019,20,10,0
2019,26,10,0
2019,19,10,0
2019,27,10,0
